2021.12.22 10:22:14,SELL,FAIL,4640,4660,10.00,-200.00,0.00,9800.00
2021.12.22 17:17:19,BUY,SUCCESS,4660,4640,10.00,197.90,0.00,9800.00
2021.12.22 17:17:19,BUY,SUCCESS,4660,4660,10.00,398.80,0.00,9800.00
2021.12.22 17:17:19,BUY,SUCCESS,4660,4680,10.00,598.40,-3.30,9800.00
2021.12.22 17:17:19,BUY,SUCCESS,4660,4700,10.00,798.30,-3.30,9800.00
2021.12.22 17:17:19,BUY,SUCCESS,4660,4720,10.00,998.00,-16.50,9800.00
2021.12.22 17:17:19,BUY,SUCCESS,4660,4740,10.00,1198.00,-16.50,9800.00
2021.12.22 17:17:19,BUY,SUCCESS,4660,4760,10.00,1398.20,-19.80,9800.00
2021.12.22 17:17:19,BUY,FAIL,4660,4780,10.00,1199.90,-19.80,10980.10
2021.12.28 19:34:22,SELL,FAIL,4639.99,4800,10.00,-200.10,-3.10,10776.90
2021.12.29 16:41:06,BUY,FAIL,4800.01,4780,10.00,-200.10,0.00,10576.80
2021.12.29 17:15:22,SELL,FAIL,4779.99,4800,10.00,-200.10,0.00,10376.70
2021.12.29 22:32:13,BUY,FAIL,4800.01,4780,10.00,-200.10,-3.30,10173.30
2021.12.30 22:53:11,SELL,SUCCESS,4779.99,4800,10.00,199.20,-3.10,10173.30
2021.12.30 22:53:11,SELL,FAIL,4779.99,4780,10.00,-0.10,-3.10,10170.10
2021.12.31 16:32:15,BUY,FAIL,4800.01,4760,10.00,-200.10,-9.90,9960.10
2022.01.03 16:50:17,SELL,FAIL,4759.99,4780,10.00,-200.10,0.00,9760.00
2022.01.03 17:12:44,BUY,SUCCESS,4780.01,4760,10.00,197.90,-3.30,9760.00
2022.01.03 17:12:44,BUY,FAIL,4780.01,4780,10.00,-0.10,-3.30,9756.60
2022.01.04 20:33:07,SELL,FAIL,4759.99,4800,10.00,-200.10,0.00,9556.50
2022.01.04 22:23:07,BUY,FAIL,4800.01,4780,10.00,-200.10,-3.30,9353.10
2022.01.05 03:47:28,SELL,SUCCESS,4779.99,4800,10.00,198.40,0.00,9353.10
2022.01.05 03:47:28,SELL,SUCCESS,4779.99,4780,10.00,398.50,0.00,9353.10
2022.01.05 03:47:28,SELL,SUCCESS,4779.99,4760,10.00,598.50,0.00,9353.10
2022.01.05 03:47:28,SELL,SUCCESS,4779.99,4740,10.00,798.20,0.00,9353.10
2022.01.05 03:47:28,SELL,SUCCESS,4779.99,4720,10.00,997.90,-3.10,9353.10
2022.01.05 03:47:28,SELL,FAIL,4779.99,4700,10.00,799.90,-3.10,10149.90
2022.01.06 09:26:32,BUY,SUCCESS,4800.01,4680,10.00,197.90,0.00,10149.90
2022.01.06 09:26:32,BUY,FAIL,4800.01,4700,10.00,-0.10,0.00,10149.80
2022.01.06 16:48:18,SELL,SUCCESS,4679.99,4720,10.00,197.90,0.00,10149.80
2022.01.06 16:48:18,SELL,FAIL,4679.99,4700,10.00,-0.10,0.00,10149.70
2022.01.06 17:27:24,BUY,SUCCESS,4720.01,4680,10.00,198.20,0.00,10149.70
2022.01.06 17:27:24,BUY,FAIL,4720.01,4700,10.00,-0.10,0.00,10149.60
2022.01.06 21:05:22,SELL,SUCCESS,4679.99,4720,10.00,198.00,-3.10,10149.60
2022.01.06 21:05:22,SELL,FAIL,4679.99,4700,10.00,-0.10,-3.10,10146.40
2022.01.07 16:43:05,BUY,FAIL,4720.01,4680,10.00,-200.10,0.00,9946.30
2022.01.07 17:39:19,SELL,SUCCESS,4679.99,4700,10.00,198.70,-9.30,9946.30
2022.01.07 17:39:19,SELL,FAIL,4679.99,4680,10.00,-0.10,-9.30,9936.90
2022.01.10 06:16:21,BUY,FAIL,4700.01,4660,10.00,-200.10,0.00,9736.80
2022.01.10 14:31:30,SELL,SUCCESS,4659.99,4680,10.00,198.30,0.00,9736.80
2022.01.10 14:31:30,SELL,SUCCESS,4659.99,4660,10.00,398.40,0.00,9736.80
2022.01.10 14:31:30,SELL,SUCCESS,4659.99,4640,10.00,598.10,0.00,9736.80
2022.01.10 14:31:30,SELL,FAIL,4659.99,4620,10.00,399.90,0.00,10136.70
2022.01.10 20:22:22,BUY,SUCCESS,4680.01,4600,10.00,197.90,0.00,10136.70
2022.01.10 20:22:22,BUY,SUCCESS,4680.01,4620,10.00,397.90,0.00,10136.70
2022.01.10 20:22:22,BUY,SUCCESS,4680.01,4640,10.00,598.10,-3.30,10136.70
2022.01.10 20:22:22,BUY,FAIL,4680.01,4660,10.00,399.90,-3.30,10533.30
2022.01.11 16:33:02,SELL,SUCCESS,4599.99,4680,10.00,198.10,0.00,10533.30
2022.01.11 16:33:02,SELL,FAIL,4599.99,4660,10.00,-0.10,0.00,10533.20
2022.01.11 17:05:16,BUY,SUCCESS,4680.01,4640,10.00,198.50,0.00,10533.20
2022.01.11 17:05:16,BUY,SUCCESS,4680.01,4660,10.00,398.20,0.00,10533.20
2022.01.11 17:05:16,BUY,SUCCESS,4680.01,4680,10.00,598.00,-3.30,10533.20
2022.01.11 17:05:16,BUY,SUCCESS,4680.01,4700,10.00,798.00,-3.30,10533.20
2022.01.11 17:05:16,BUY,FAIL,4680.01,4720,10.00,599.90,-3.30,11129.80
2022.01.12 17:43:13,SELL,FAIL,4639.99,4740,11.00,-200.10,-3.10,10926.60
2022.01.13 16:30:14,BUY,FAIL,4740.01,4720,11.00,-200.10,0.00,10726.50
2022.01.13 17:33:19,SELL,SUCCESS,4719.99,4740,11.00,217.91,0.00,10726.50
2022.01.13 17:33:19,SELL,SUCCESS,4719.99,4720,11.00,438.57,0.00,10726.50
2022.01.13 17:33:19,SELL,SUCCESS,4719.99,4700,11.00,658.02,0.00,10726.50
2022.01.13 17:33:19,SELL,SUCCESS,4719.99,4680,11.00,878.02,-3.41,10726.50
2022.01.13 17:33:19,SELL,SUCCESS,4719.99,4660,11.00,1098.02,-3.41,10726.50
2022.01.13 17:33:19,SELL,FAIL,4719.99,4640,11.00,879.89,-3.41,11602.98
2022.01.14 16:37:30,BUY,SUCCESS,4740.01,4620,11.00,217.69,0.00,11602.98
2022.01.14 16:37:30,BUY,FAIL,4740.01,4640,11.00,-0.11,0.00,11602.87
2022.01.14 17:38:06,SELL,SUCCESS,4619.99,4660,11.00,217.69,0.00,11602.87
2022.01.14 17:38:06,SELL,FAIL,4619.99,4640,11.00,-0.11,0.00,11602.76
2022.01.14 21:01:37,BUY,SUCCESS,4660.01,4620,11.00,218.02,0.00,11602.76
2022.01.14 21:01:37,BUY,FAIL,4660.01,4640,11.00,-0.11,-14.52,11588.13
2022.01.18 06:18:18,SELL,SUCCESS,4619.99,4660,11.00,217.91,0.00,11588.13
2022.01.18 06:18:18,SELL,SUCCESS,4619.99,4640,11.00,437.80,0.00,11588.13
2022.01.18 06:18:18,SELL,FAIL,4619.99,4620,11.00,219.89,0.00,11808.02
2022.01.18 14:47:23,BUY,FAIL,4660.01,4600,11.00,-220.11,0.00,11587.91
2022.01.18 16:36:30,SELL,SUCCESS,4599.99,4620,11.00,218.46,0.00,11587.91
2022.01.18 16:36:30,SELL,FAIL,4599.99,4600,11.00,-0.11,0.00,11587.80
2022.01.18 21:50:23,BUY,FAIL,4620.01,4580,11.00,-220.11,0.00,11367.69
2022.01.18 22:17:38,SELL,SUCCESS,4579.99,4600,11.00,217.80,-3.41,11367.69
2022.01.18 22:17:38,SELL,FAIL,4579.99,4580,11.00,-0.11,-3.41,11364.17
2022.01.19 11:42:26,BUY,SUCCESS,4600.01,4560,11.00,218.13,0.00,11364.17
2022.01.19 11:42:26,BUY,FAIL,4600.01,4580,11.00,-0.11,0.00,11364.06
2022.01.19 17:29:28,SELL,SUCCESS,4559.99,4600,11.00,217.69,0.00,11364.06
2022.01.19 17:29:28,SELL,SUCCESS,4559.99,4580,11.00,437.69,0.00,11364.06
2022.01.19 17:29:28,SELL,FAIL,4559.99,4560,11.00,219.89,-3.41,11580.54
2022.01.20 09:12:34,BUY,FAIL,4600.01,4540,11.00,-220.11,0.00,11360.43
2022.01.20 10:25:14,SELL,FAIL,4539.99,4560,11.00,-220.11,0.00,11140.32
2022.01.20 16:31:39,BUY,SUCCESS,4560.01,4540,11.00,218.13,0.00,11140.32
2022.01.20 16:31:39,BUY,SUCCESS,4560.01,4560,11.00,438.02,0.00,11140.32
2022.01.20 16:31:39,BUY,FAIL,4560.01,4580,11.00,219.89,0.00,11360.21
2022.01.20 19:55:29,SELL,SUCCESS,4539.99,4600,11.00,218.24,0.00,11360.21
2022.01.20 19:55:29,SELL,SUCCESS,4539.99,4580,11.00,438.02,0.00,11360.21
2022.01.20 19:55:29,SELL,SUCCESS,4539.99,4560,11.00,658.90,0.00,11360.21
2022.01.20 19:55:29,SELL,SUCCESS,4539.99,4540,11.00,878.35,0.00,11360.21
2022.01.20 19:55:29,SELL,SUCCESS,4539.99,4520,11.00,1097.80,0.00,11360.21
2022.01.20 19:55:29,SELL,SUCCESS,4539.99,4500,11.00,1318.02,0.00,11360.21
2022.01.20 19:55:29,SELL,SUCCESS,4539.99,4480,11.00,1540.99,-3.41,11360.21
2022.01.20 19:55:29,SELL,FAIL,4539.99,4460,11.00,1319.89,-3.41,12676.69
2022.01.21 07:41:16,BUY,SUCCESS,4600.01,4440,12.00,217.69,0.00,12676.69
2022.01.21 07:41:16,BUY,FAIL,4600.01,4460,12.00,-0.11,0.00,12676.58
2022.01.21 13:24:38,SELL,FAIL,4439.99,4480,12.00,-220.11,0.00,12456.47
2022.01.21 16:34:37,BUY,FAIL,4480.01,4460,12.00,-240.12,0.00,12216.35
2022.01.21 16:41:27,SELL,SUCCESS,4459.99,4480,12.00,237.48,0.00,12216.35
2022.01.21 16:41:27,SELL,FAIL,4459.99,4460,12.00,-0.12,0.00,12216.23
2022.01.21 17:33:28,BUY,SUCCESS,4480.01,4440,12.00,237.60,0.00,12216.23
2022.01.21 17:33:28,BUY,FAIL,4480.01,4460,12.00,-0.12,0.00,12216.11
2022.01.21 18:47:06,SELL,SUCCESS,4439.99,4480,12.00,238.68,0.00,12216.11
2022.01.21 18:47:06,SELL,SUCCESS,4439.99,4460,12.00,477.84,0.00,12216.11
2022.01.21 18:47:06,SELL,SUCCESS,4439.99,4440,12.00,718.08,0.00,12216.11
2022.01.21 18:47:06,SELL,FAIL,4439.99,4420,12.00,479.88,0.00,12695.99
2022.01.21 22:40:28,BUY,FAIL,4480.01,4400,12.00,-240.12,0.00,12455.87
2022.01.21 22:54:29,SELL,FAIL,4399.99,4420,12.00,-240.12,-11.16,12204.59
2022.01.24 01:51:15,BUY,FAIL,4420.01,4400,12.00,-240.12,0.00,11964.47
2022.01.24 12:06:28,SELL,SUCCESS,4399.99,4420,12.00,238.68,0.00,11964.47
2022.01.24 12:06:28,SELL,SUCCESS,4399.99,4400,12.00,477.72,0.00,11964.47
2022.01.24 12:06:28,SELL,SUCCESS,4399.99,4380,12.00,719.64,0.00,11964.47
2022.01.24 12:06:28,SELL,SUCCESS,4399.99,4360,12.00,958.68,0.00,11964.47
2022.01.24 12:06:28,SELL,FAIL,4399.99,4340,12.00,719.88,0.00,12684.35
2022.01.24 16:35:37,BUY,FAIL,4420.01,4320,12.00,-240.12,0.00,12444.23
2022.01.24 16:44:28,SELL,SUCCESS,4319.99,4340,12.00,241.20,0.00,12444.23
2022.01.24 16:44:28,SELL,FAIL,4319.99,4320,12.00,-0.12,0.00,12444.11
2022.01.24 16:55:37,BUY,FAIL,4340.01,4300,12.00,-240.12,0.00,12203.99
2022.01.24 17:03:29,SELL,SUCCESS,4299.99,4320,12.00,238.56,0.00,12203.99
2022.01.24 17:03:29,SELL,FAIL,4299.99,4300,12.00,-0.12,0.00,12203.87
2022.01.24 17:25:11,BUY,SUCCESS,4320.01,4280,12.00,240.00,0.00,12203.87
2022.01.24 17:25:11,BUY,FAIL,4320.01,4300,12.00,-0.12,0.00,12203.75
2022.01.24 17:47:37,SELL,SUCCESS,4279.99,4320,12.00,240.12,0.00,12203.75
2022.01.24 17:47:37,SELL,SUCCESS,4279.99,4300,12.00,477.72,0.00,12203.75
2022.01.24 17:47:37,SELL,SUCCESS,4279.99,4280,12.00,718.20,0.00,12203.75
2022.01.24 17:47:37,SELL,FAIL,4279.99,4260,12.00,479.88,0.00,12683.63
2022.01.24 19:51:28,BUY,SUCCESS,4320.01,4240,12.00,238.32,0.00,12683.63
2022.01.24 19:51:28,BUY,SUCCESS,4320.01,4260,12.00,477.48,0.00,12683.63
2022.01.24 19:51:28,BUY,FAIL,4320.01,4280,12.00,239.88,0.00,12923.51
2022.01.24 20:26:39,SELL,FAIL,4239.99,4300,12.00,-240.12,0.00,12683.39
2022.01.24 20:46:19,BUY,SUCCESS,4300.01,4280,12.00,240.00,0.00,12683.39
2022.01.24 20:46:19,BUY,SUCCESS,4300.01,4300,12.00,477.84,0.00,12683.39
2022.01.24 20:46:19,BUY,FAIL,4300.01,4320,12.00,239.88,0.00,12923.27
2022.01.24 21:12:39,SELL,SUCCESS,4279.99,4340,12.00,238.92,0.00,12923.27
2022.01.24 21:12:39,SELL,SUCCESS,4279.99,4320,12.00,478.80,0.00,12923.27
2022.01.24 21:12:39,SELL,FAIL,4279.99,4300,12.00,239.88,0.00,13163.15
2022.01.24 21:50:04,BUY,SUCCESS,4340.01,4280,13.00,237.84,0.00,13163.15
2022.01.24 21:50:04,BUY,SUCCESS,4340.01,4300,13.00,479.28,0.00,13163.15
2022.01.24 21:50:04,BUY,SUCCESS,4340.01,4320,13.00,717.60,0.00,13163.15
2022.01.24 21:50:04,BUY,SUCCESS,4340.01,4340,13.00,958.08,0.00,13163.15
2022.01.24 21:50:04,BUY,FAIL,4340.01,4360,13.00,719.88,0.00,13883.03
2022.01.24 22:43:40,SELL,FAIL,4279.99,4380,13.00,-240.12,0.00,13642.91
2022.01.24 22:46:20,BUY,SUCCESS,4380.01,4360,13.00,259.61,0.00,13642.91
2022.01.24 22:46:20,BUY,FAIL,4380.01,4380,13.00,-0.13,-4.29,13638.49
2022.01.25 02:56:27,SELL,SUCCESS,4359.99,4400,13.00,258.18,0.00,13638.49
2022.01.25 02:56:27,SELL,SUCCESS,4359.99,4380,13.00,517.79,0.00,13638.49
2022.01.25 02:56:27,SELL,FAIL,4359.99,4360,13.00,259.87,0.00,13898.36
2022.01.25 09:53:46,BUY,FAIL,4400.01,4340,13.00,-260.13,0.00,13638.23
2022.01.25 10:27:37,SELL,FAIL,4339.99,4360,13.00,-260.13,0.00,13378.10
2022.01.25 10:39:05,BUY,SUCCESS,4360.01,4340,13.00,259.61,0.00,13378.10
2022.01.25 10:39:05,BUY,FAIL,4360.01,4360,13.00,-0.13,0.00,13377.97
2022.01.25 13:40:39,SELL,SUCCESS,4339.99,4380,13.00,257.92,0.00,13377.97
2022.01.25 13:40:39,SELL,FAIL,4339.99,4360,13.00,-0.13,0.00,13377.84
2022.01.25 16:37:30,BUY,FAIL,4380.01,4340,13.00,-260.13,0.00,13117.71
2022.01.25 16:41:19,SELL,SUCCESS,4339.99,4360,13.00,258.57,0.00,13117.71
2022.01.25 16:41:19,SELL,SUCCESS,4339.99,4340,13.00,518.83,0.00,13117.71
2022.01.25 16:41:19,SELL,FAIL,4339.99,4320,13.00,259.87,0.00,13377.58
2022.01.25 17:26:19,BUY,SUCCESS,4360.01,4300,13.00,261.04,0.00,13377.58
2022.01.25 17:26:19,BUY,FAIL,4360.01,4320,13.00,-0.13,0.00,13377.45
2022.01.25 17:37:38,SELL,FAIL,4299.99,4340,13.00,-260.13,0.00,13117.32
2022.01.25 17:44:29,BUY,FAIL,4340.01,4320,13.00,-260.13,0.00,12857.19
2022.01.25 18:07:28,SELL,FAIL,4319.99,4340,13.00,-260.13,0.00,12597.06
2022.01.25 18:20:38,BUY,FAIL,4340.01,4320,13.00,-260.13,0.00,12336.93
2022.01.25 18:36:05,SELL,FAIL,4319.99,4340,13.00,-260.13,0.00,12076.80
2022.01.25 19:23:39,BUY,FAIL,4340.01,4320,13.00,-260.13,0.00,11816.67
2022.01.25 19:42:38,SELL,FAIL,4319.99,4340,13.00,-260.13,0.00,11556.54
2022.01.25 20:25:38,BUY,SUCCESS,4340.01,4320,13.00,257.27,0.00,11556.54
2022.01.25 20:25:38,BUY,SUCCESS,4340.01,4340,13.00,518.83,0.00,11556.54
2022.01.25 20:25:38,BUY,SUCCESS,4340.01,4360,13.00,778.83,0.00,11556.54
2022.01.25 20:25:38,BUY,FAIL,4340.01,4380,13.00,519.87,0.00,12076.41
2022.01.25 22:25:18,SELL,SUCCESS,4319.99,4400,13.00,258.31,0.00,12076.41
2022.01.25 22:25:18,SELL,FAIL,4319.99,4380,13.00,-0.13,0.00,12076.28
2022.01.25 22:40:29,BUY,FAIL,4400.01,4360,13.00,-260.13,0.00,11816.15
2022.01.25 22:50:36,SELL,SUCCESS,4359.99,4380,13.00,257.66,0.00,11816.15
2022.01.25 22:50:36,SELL,SUCCESS,4359.99,4360,13.00,518.70,0.00,11816.15
2022.01.25 22:50:36,SELL,FAIL,4359.99,4340,13.00,259.87,-4.03,12071.99
2022.01.26 01:08:44,BUY,SUCCESS,4380.01,4320,13.00,257.27,0.00,12071.99
2022.01.26 01:08:44,BUY,SUCCESS,4380.01,4340,13.00,519.22,0.00,12071.99
2022.01.26 01:08:44,BUY,SUCCESS,4380.01,4360,13.00,777.92,0.00,12071.99
2022.01.26 01:08:44,BUY,SUCCESS,4380.01,4380,13.00,1038.31,0.00,12071.99
2022.01.26 01:08:44,BUY,SUCCESS,4380.01,4400,13.00,1298.18,0.00,12071.99
2022.01.26 01:08:44,BUY,FAIL,4380.01,4420,13.00,1039.87,0.00,13111.86
2022.01.26 17:15:36,SELL,SUCCESS,4319.99,4440,13.00,257.40,0.00,13111.86
2022.01.26 17:15:36,SELL,FAIL,4319.99,4420,13.00,-0.13,0.00,13111.73
2022.01.26 18:12:39,BUY,SUCCESS,4440.01,4400,13.00,259.74,0.00,13111.73
2022.01.26 18:12:39,BUY,FAIL,4440.01,4420,13.00,-0.13,0.00,13111.60
2022.01.26 21:14:08,SELL,SUCCESS,4399.99,4440,13.00,257.79,0.00,13111.60
2022.01.26 21:14:08,SELL,FAIL,4399.99,4420,13.00,-0.13,0.00,13111.47
2022.01.26 21:38:28,BUY,FAIL,4440.01,4400,13.00,-260.13,0.00,12851.34
2022.01.26 21:43:16,SELL,SUCCESS,4399.99,4420,13.00,261.43,0.00,12851.34
2022.01.26 21:43:16,SELL,SUCCESS,4399.99,4400,13.00,517.66,0.00,12851.34
2022.01.26 21:43:16,SELL,FAIL,4399.99,4380,13.00,259.87,0.00,13111.21
2022.01.26 21:51:38,BUY,FAIL,4420.01,4360,13.00,-260.13,0.00,12851.08
2022.01.26 22:01:27,SELL,SUCCESS,4359.99,4380,13.00,258.96,0.00,12851.08
2022.01.26 22:01:27,SELL,SUCCESS,4359.99,4360,13.00,517.66,0.00,12851.08
2022.01.26 22:01:27,SELL,FAIL,4359.99,4340,13.00,259.87,0.00,13110.95
2022.01.26 22:12:12,BUY,FAIL,4380.01,4320,13.00,-260.13,0.00,12850.82
2022.01.26 22:16:17,SELL,FAIL,4319.99,4340,13.00,-260.13,0.00,12590.69
2022.01.26 22:28:33,BUY,FAIL,4340.01,4320,13.00,-260.13,0.00,12330.56
2022.01.26 22:35:40,SELL,FAIL,4319.99,4340,13.00,-260.13,0.00,12070.43
2022.01.26 22:38:38,BUY,SUCCESS,4340.01,4320,13.00,283.27,-4.29,12070.43
2022.01.26 22:38:38,BUY,FAIL,4340.01,4340,13.00,-0.13,-4.29,12066.01
2022.01.27 03:01:30,SELL,SUCCESS,4319.99,4360,13.00,257.92,0.00,12066.01
2022.01.27 03:01:30,SELL,SUCCESS,4319.99,4340,13.00,517.92,0.00,12066.01
2022.01.27 03:01:30,SELL,SUCCESS,4319.99,4320,13.00,777.92,0.00,12066.01
2022.01.27 03:01:30,SELL,FAIL,4319.99,4300,13.00,519.87,0.00,12585.88
2022.01.27 08:10:06,BUY,FAIL,4360.01,4280,13.00,-260.13,0.00,12325.75
2022.01.27 08:46:37,SELL,FAIL,4279.99,4300,13.00,-260.13,0.00,12065.62
2022.01.27 09:06:04,BUY,SUCCESS,4300.01,4280,13.00,258.83,0.00,12065.62
2022.01.27 09:06:04,BUY,SUCCESS,4300.01,4300,13.00,518.05,0.00,12065.62
2022.01.27 09:06:04,BUY,SUCCESS,4300.01,4320,13.00,777.27,0.00,12065.62
2022.01.27 09:06:04,BUY,FAIL,4300.01,4340,13.00,519.87,0.00,12585.49
2022.01.27 12:50:39,SELL,FAIL,4279.99,4360,13.00,-260.13,0.00,12325.36
2022.01.27 14:00:04,BUY,FAIL,4360.01,4340,13.00,-260.13,0.00,12065.23
2022.01.27 14:34:39,SELL,FAIL,4339.99,4360,13.00,-260.13,0.00,11805.10
2022.01.27 14:52:25,BUY,SUCCESS,4360.01,4340,13.00,257.40,0.00,11805.10
2022.01.27 14:52:25,BUY,SUCCESS,4360.01,4360,13.00,518.44,0.00,11805.10
2022.01.27 14:52:25,BUY,SUCCESS,4360.01,4380,13.00,779.35,0.00,11805.10
2022.01.27 14:52:25,BUY,FAIL,4360.01,4400,13.00,519.87,0.00,12324.97
2022.01.27 17:01:04,SELL,FAIL,4339.99,4420,13.00,-260.13,0.00,12064.84
2022.01.27 17:04:39,BUY,FAIL,4420.01,4400,13.00,-260.13,0.00,11804.71
2022.01.27 17:28:19,SELL,SUCCESS,4399.99,4420,13.00,257.27,0.00,11804.71
2022.01.27 17:28:19,SELL,FAIL,4399.99,4400,13.00,-0.13,0.00,11804.58
2022.01.27 17:57:17,BUY,FAIL,4420.01,4380,13.00,-260.13,0.00,11544.45
2022.01.27 19:14:27,SELL,SUCCESS,4379.99,4400,13.00,257.66,0.00,11544.45
2022.01.27 19:14:27,SELL,SUCCESS,4379.99,4380,13.00,519.35,0.00,11544.45
2022.01.27 19:14:27,SELL,FAIL,4379.99,4360,13.00,259.87,0.00,11804.32
2022.01.27 19:57:27,BUY,FAIL,4400.01,4340,13.00,-260.13,0.00,11544.19
2022.01.27 20:06:32,SELL,SUCCESS,4339.99,4360,13.00,257.53,0.00,11544.19
2022.01.27 20:06:32,SELL,FAIL,4339.99,4340,13.00,-0.13,0.00,11544.06
2022.01.27 21:00:37,BUY,FAIL,4360.01,4320,13.00,-260.13,0.00,11283.93
2022.01.27 21:28:39,SELL,FAIL,4319.99,4340,13.00,-260.13,0.00,11023.80
2022.01.27 21:45:28,BUY,FAIL,4340.01,4320,13.00,-260.13,0.00,10763.67
2022.01.27 21:55:20,SELL,FAIL,4319.99,4340,13.00,-260.13,0.00,10503.54
2022.01.27 22:08:37,BUY,FAIL,4340.01,4320,13.00,-260.13,0.00,10243.41
2022.01.27 22:13:26,SELL,FAIL,4319.99,4340,13.00,-260.13,0.00,9983.28
2022.01.27 22:42:23,BUY,SUCCESS,4340.01,4320,13.00,262.47,-4.29,9983.28
2022.01.27 22:42:23,BUY,FAIL,4340.01,4340,13.00,-0.13,-4.29,9978.86
2022.01.28 02:02:02,SELL,FAIL,4319.99,4360,13.00,-260.13,0.00,9718.73
2022.01.28 04:49:15,BUY,FAIL,4360.01,4340,13.00,-260.13,0.00,9458.60
2022.01.28 06:55:28,SELL,SUCCESS,4339.99,4360,13.00,258.18,0.00,9458.60
2022.01.28 06:55:28,SELL,FAIL,4339.99,4340,13.00,-0.13,0.00,9458.47
2022.01.28 11:14:36,BUY,FAIL,4360.01,4320,13.00,-260.13,0.00,9198.34
2022.01.28 12:09:44,SELL,SUCCESS,4319.99,4340,13.00,257.27,0.00,9198.34
2022.01.28 12:09:44,SELL,SUCCESS,4319.99,4320,13.00,517.27,0.00,9198.34
2022.01.28 12:09:44,SELL,FAIL,4319.99,4300,13.00,259.87,0.00,9458.21
2022.01.28 15:30:17,BUY,SUCCESS,4340.01,4280,13.00,258.31,0.00,9458.21
2022.01.28 15:30:17,BUY,SUCCESS,4340.01,4300,13.00,517.92,0.00,9458.21
2022.01.28 15:30:17,BUY,FAIL,4340.01,4320,13.00,259.87,0.00,9718.08
2022.01.28 16:33:00,SELL,SUCCESS,4279.99,4340,13.00,257.53,0.00,9718.08
2022.01.28 16:33:00,SELL,FAIL,4279.99,4320,13.00,-0.13,0.00,9717.95
2022.01.28 17:11:38,BUY,SUCCESS,4340.01,4300,13.00,258.70,0.00,9717.95
2022.01.28 17:11:38,BUY,SUCCESS,4340.01,4320,13.00,518.05,0.00,9717.95
2022.01.28 17:11:38,BUY,SUCCESS,4340.01,4340,13.00,778.96,0.00,9717.95
2022.01.28 17:11:38,BUY,FAIL,4340.01,4360,13.00,519.87,0.00,10237.82
2022.01.28 19:50:38,SELL,FAIL,4299.99,4380,13.00,-260.13,0.00,9977.69
2022.01.28 20:30:28,BUY,FAIL,4380.01,4360,13.00,-260.13,0.00,9717.56
2022.01.28 21:11:28,SELL,SUCCESS,4359.99,4380,13.00,259.74,0.00,9717.56
2022.01.28 21:11:28,SELL,FAIL,4359.99,4360,13.00,-0.13,0.00,9717.43
2022.01.28 21:45:03,BUY,SUCCESS,4380.01,4340,13.00,258.44,0.00,9717.43
2022.01.28 21:45:03,BUY,SUCCESS,4380.01,4360,13.00,517.92,0.00,9717.43
2022.01.28 21:45:03,BUY,SUCCESS,4380.01,4380,13.00,777.53,0.00,9717.43
2022.01.28 21:45:03,BUY,SUCCESS,4380.01,4400,13.00,1037.40,-12.87,9717.43
2022.01.28 21:45:03,BUY,FAIL,4380.01,4420,13.00,779.87,-12.87,10484.43
2022.01.31 13:25:16,SELL,FAIL,4339.99,4440,13.00,-260.13,0.00,10224.30
2022.01.31 16:52:45,BUY,SUCCESS,4440.01,4420,13.00,257.40,0.00,10224.30
2022.01.31 16:52:45,BUY,SUCCESS,4440.01,4440,13.00,517.66,0.00,10224.30
2022.01.31 16:52:45,BUY,SUCCESS,4440.01,4460,13.00,777.27,0.00,10224.30
2022.01.31 16:52:45,BUY,SUCCESS,4440.01,4480,13.00,1038.05,-4.29,10224.30
2022.01.31 16:52:45,BUY,FAIL,4440.01,4500,13.00,779.87,-4.29,10999.88
2022.02.01 11:29:36,SELL,FAIL,4419.99,4520,13.00,-260.13,0.00,10739.75
2022.02.01 16:03:14,BUY,FAIL,4520.01,4500,13.00,-260.13,0.00,10479.62
2022.02.01 17:00:38,SELL,FAIL,4499.99,4520,13.00,-260.13,0.00,10219.49
2022.02.01 18:13:04,BUY,SUCCESS,4520.01,4500,13.00,257.92,0.00,10219.49
2022.02.01 18:13:04,BUY,SUCCESS,4520.01,4520,13.00,519.74,0.00,10219.49
2022.02.01 18:13:04,BUY,SUCCESS,4520.01,4540,13.00,777.66,-4.29,10219.49
2022.02.01 18:13:04,BUY,FAIL,4520.01,4560,13.00,519.87,-4.29,10735.07
2022.02.02 16:43:39,SELL,FAIL,4499.99,4580,13.00,-260.13,0.00,10474.94
2022.02.02 19:47:27,BUY,FAIL,4580.01,4560,13.00,-260.13,0.00,10214.81
2022.02.02 23:09:38,SELL,SUCCESS,4559.99,4580,13.00,258.57,-4.03,10214.81
2022.02.02 23:09:38,SELL,SUCCESS,4559.99,4560,13.00,517.53,-4.03,10214.81
2022.02.02 23:09:38,SELL,FAIL,4559.99,4540,13.00,259.87,-4.03,10470.65
2022.02.03 17:20:37,BUY,FAIL,4580.01,4520,13.00,-260.13,0.00,10210.52
2022.02.03 18:54:39,SELL,SUCCESS,4519.99,4540,13.00,257.79,0.00,10210.52
2022.02.03 18:54:39,SELL,SUCCESS,4519.99,4520,13.00,518.31,0.00,10210.52
2022.02.03 18:54:39,SELL,FAIL,4519.99,4500,13.00,259.87,0.00,10470.39
2022.02.03 23:02:01,BUY,SUCCESS,4540.01,4480,13.00,259.61,0.00,10470.39
2022.02.03 23:02:01,BUY,FAIL,4540.01,4500,13.00,-0.13,-4.29,10465.97
2022.02.04 12:11:38,SELL,SUCCESS,4479.99,4520,13.00,257.40,0.00,10465.97
2022.02.04 12:11:38,SELL,SUCCESS,4479.99,4500,13.00,517.40,0.00,10465.97
2022.02.04 12:11:38,SELL,FAIL,4479.99,4480,13.00,259.87,0.00,10725.84
2022.02.04 16:30:17,BUY,FAIL,4520.01,4460,13.00,-260.13,0.00,10465.71
2022.02.04 17:45:27,SELL,FAIL,4459.99,4480,13.00,-260.13,0.00,10205.58
2022.02.04 18:35:04,BUY,SUCCESS,4480.01,4460,13.00,257.40,0.00,10205.58
2022.02.04 18:35:04,BUY,SUCCESS,4480.01,4480,13.00,517.40,0.00,10205.58
2022.02.04 18:35:04,BUY,SUCCESS,4480.01,4500,13.00,778.44,0.00,10205.58
2022.02.04 18:35:04,BUY,FAIL,4480.01,4520,13.00,519.87,0.00,10725.45
2022.02.04 22:44:39,SELL,SUCCESS,4459.99,4540,13.00,258.44,0.00,10725.45
2022.02.04 22:44:39,SELL,SUCCESS,4459.99,4520,13.00,517.40,-12.09,10725.45
2022.02.04 22:44:39,SELL,FAIL,4459.99,4500,13.00,259.87,-12.09,10973.23
2022.02.07 06:21:38,BUY,SUCCESS,4540.01,4480,13.00,257.53,0.00,10973.23
2022.02.07 06:21:38,BUY,FAIL,4540.01,4500,13.00,-0.13,0.00,10973.10
2022.02.07 18:09:28,SELL,FAIL,4479.99,4520,13.00,-260.13,0.00,10712.97
2022.02.07 22:11:38,BUY,FAIL,4520.01,4500,13.00,-260.13,0.00,10452.84
2022.02.07 22:37:40,SELL,SUCCESS,4499.99,4520,13.00,259.48,0.00,10452.84
2022.02.07 22:37:40,SELL,FAIL,4499.99,4500,13.00,-0.13,-4.03,10448.68
2022.02.08 11:22:27,BUY,FAIL,4520.01,4480,13.00,-260.13,0.00,10188.55
2022.02.08 13:25:28,SELL,FAIL,4479.99,4500,13.00,-260.13,0.00,9928.42
2022.02.08 18:03:36,BUY,SUCCESS,4500.01,4480,13.00,257.66,0.00,9928.42
2022.02.08 18:03:36,BUY,FAIL,4500.01,4500,13.00,-0.13,0.00,9928.29
2022.02.08 21:39:02,SELL,FAIL,4479.99,4520,13.00,-260.13,0.00,9668.16
2022.02.08 22:15:39,BUY,SUCCESS,4520.01,4500,13.00,259.35,-4.29,9668.16
2022.02.08 22:15:39,BUY,SUCCESS,4520.01,4520,13.00,518.31,-4.29,9668.16
2022.02.08 22:15:39,BUY,SUCCESS,4520.01,4540,13.00,777.27,-4.29,9668.16
2022.02.08 22:15:39,BUY,FAIL,4520.01,4560,13.00,519.87,-8.58,10179.45
2022.02.10 15:31:48,SELL,SUCCESS,4499.99,4580,13.00,259.22,0.00,10179.45
2022.02.10 15:31:48,SELL,SUCCESS,4499.99,4560,13.00,519.61,0.00,10179.45
2022.02.10 15:31:48,SELL,FAIL,4499.99,4540,13.00,259.87,0.00,10439.32
2022.02.10 16:36:26,BUY,SUCCESS,4580.01,4520,13.00,260.39,0.00,10439.32
2022.02.10 16:36:26,BUY,SUCCESS,4580.01,4540,13.00,518.57,0.00,10439.32
2022.02.10 16:36:26,BUY,FAIL,4580.01,4560,13.00,259.87,0.00,10699.19
2022.02.10 18:00:29,SELL,SUCCESS,4519.99,4580,13.00,258.18,0.00,10699.19
2022.02.10 18:00:29,SELL,SUCCESS,4519.99,4560,13.00,518.70,0.00,10699.19
2022.02.10 18:00:29,SELL,SUCCESS,4519.99,4540,13.00,778.44,0.00,10699.19
2022.02.10 18:00:29,SELL,SUCCESS,4519.99,4520,13.00,1038.05,-4.03,10699.19
2022.02.10 18:00:29,SELL,FAIL,4519.99,4500,13.00,779.87,-4.03,11475.03
2022.02.11 14:27:14,BUY,SUCCESS,4580.01,4480,13.00,258.18,0.00,11475.03
2022.02.11 14:27:14,BUY,FAIL,4580.01,4500,13.00,-0.13,0.00,11474.90
2022.02.11 16:58:40,SELL,SUCCESS,4479.99,4520,13.00,258.18,0.00,11474.90
2022.02.11 16:58:40,SELL,SUCCESS,4479.99,4500,13.00,517.79,0.00,11474.90
2022.02.11 16:58:40,SELL,SUCCESS,4479.99,4480,13.00,779.22,0.00,11474.90
2022.02.11 16:58:40,SELL,SUCCESS,4479.99,4460,13.00,1037.40,0.00,11474.90
2022.02.11 16:58:40,SELL,FAIL,4479.99,4440,13.00,779.87,0.00,12254.77
2022.02.11 21:15:33,BUY,FAIL,4520.01,4420,13.00,-260.13,0.00,11994.64
2022.02.11 21:45:45,SELL,SUCCESS,4419.99,4440,13.00,258.31,-12.09,11994.64
2022.02.11 21:45:45,SELL,SUCCESS,4419.99,4420,13.00,518.83,-12.09,11994.64
2022.02.11 21:45:45,SELL,FAIL,4419.99,4400,13.00,259.87,-12.09,12242.42
2022.02.14 14:39:36,BUY,SUCCESS,4440.01,4380,13.00,259.48,0.00,12242.42
2022.02.14 14:39:36,BUY,FAIL,4440.01,4400,13.00,-0.13,0.00,12242.29
2022.02.14 15:49:28,SELL,FAIL,4379.99,4420,13.00,-260.13,0.00,11982.16
2022.02.14 16:31:02,BUY,FAIL,4420.01,4400,13.00,-260.13,0.00,11722.03
2022.02.14 17:01:47,SELL,FAIL,4399.99,4420,13.00,-260.13,0.00,11461.90
2022.02.14 19:29:38,BUY,FAIL,4420.01,4400,13.00,-260.13,0.00,11201.77
2022.02.14 20:48:36,SELL,SUCCESS,4399.99,4420,13.00,258.57,0.00,11201.77
2022.02.14 20:48:36,SELL,FAIL,4399.99,4400,13.00,-0.13,0.00,11201.64
2022.02.14 21:51:39,BUY,FAIL,4420.01,4380,13.00,-260.13,0.00,10941.51
2022.02.14 22:06:39,SELL,FAIL,4379.99,4400,13.00,-260.13,0.00,10681.38
2022.02.14 22:23:35,BUY,SUCCESS,4400.01,4380,13.00,257.53,-4.29,10681.38
2022.02.14 22:23:35,BUY,SUCCESS,4400.01,4400,13.00,517.92,-4.29,10681.38
2022.02.14 22:23:35,BUY,SUCCESS,4400.01,4420,13.00,778.57,-4.29,10681.38
2022.02.14 22:23:35,BUY,SUCCESS,4400.01,4440,13.00,1037.27,-8.58,10681.38
2022.02.14 22:23:35,BUY,FAIL,4400.01,4460,13.00,779.87,-8.58,11452.67
2022.02.16 12:23:26,SELL,SUCCESS,4379.99,4480,13.00,259.09,0.00,11452.67
2022.02.16 12:23:26,SELL,FAIL,4379.99,4460,13.00,-0.13,0.00,11452.54
2022.02.16 21:21:19,BUY,SUCCESS,4480.01,4440,13.00,257.92,0.00,11452.54
2022.02.16 21:21:19,BUY,FAIL,4480.01,4460,13.00,-0.13,-4.29,11448.12
2022.02.17 05:55:26,SELL,SUCCESS,4439.99,4480,13.00,259.74,0.00,11448.12
2022.02.17 05:55:26,SELL,SUCCESS,4439.99,4460,13.00,518.31,0.00,11448.12
2022.02.17 05:55:26,SELL,SUCCESS,4439.99,4440,13.00,777.27,0.00,11448.12
2022.02.17 05:55:26,SELL,SUCCESS,4439.99,4420,13.00,1037.66,0.00,11448.12
2022.02.17 05:55:26,SELL,FAIL,4439.99,4400,13.00,779.87,-4.03,12223.96
2022.02.18 03:39:36,BUY,FAIL,4480.01,4380,13.00,-260.13,0.00,11963.83
2022.02.18 15:25:47,SELL,SUCCESS,4379.99,4400,13.00,257.27,0.00,11963.83
2022.02.18 15:25:47,SELL,SUCCESS,4379.99,4380,13.00,517.40,0.00,11963.83
2022.02.18 15:25:47,SELL,FAIL,4379.99,4360,13.00,259.87,0.00,12223.70
2022.02.18 21:22:04,BUY,SUCCESS,4400.01,4340,13.00,259.35,0.00,12223.70
2022.02.18 21:22:04,BUY,FAIL,4400.01,4360,13.00,-0.13,0.00,12223.57
2022.02.18 22:19:05,SELL,SUCCESS,4339.99,4380,13.00,257.92,0.00,12223.57
2022.02.18 22:19:05,SELL,FAIL,4339.99,4360,13.00,-0.13,0.00,12223.44
2022.02.18 22:45:04,BUY,FAIL,4380.01,4340,13.00,-260.13,-12.87,11950.44
2022.02.21 01:00:00,SELL,SUCCESS,4339.99,4360,13.00,259.35,0.00,11950.44
2022.02.21 01:00:00,SELL,FAIL,4339.99,4340,13.00,-0.13,0.00,11950.31
2022.02.21 02:53:09,BUY,SUCCESS,4360.01,4320,13.00,258.31,0.00,11950.31
2022.02.21 02:53:09,BUY,SUCCESS,4360.01,4340,13.00,517.27,0.00,11950.31
2022.02.21 02:53:09,BUY,FAIL,4360.01,4360,13.00,259.87,0.00,12210.18
2022.02.21 11:04:40,SELL,SUCCESS,4319.99,4380,13.00,259.35,0.00,12210.18
2022.02.21 11:04:40,SELL,SUCCESS,4319.99,4360,13.00,519.22,0.00,12210.18
2022.02.21 11:04:40,SELL,SUCCESS,4319.99,4340,13.00,781.30,0.00,12210.18
2022.02.21 11:04:40,SELL,SUCCESS,4319.99,4320,13.00,1212.77,-4.03,12210.18
2022.02.21 11:04:40,SELL,SUCCESS,4319.99,4300,13.00,1297.27,-4.03,12210.18
2022.02.21 11:04:40,SELL,FAIL,4319.99,4280,13.00,1039.87,-4.03,13246.02
2022.02.22 01:57:44,BUY,SUCCESS,4380.01,4260,13.00,259.09,0.00,13246.02
2022.02.22 01:57:44,BUY,SUCCESS,4380.01,4280,13.00,518.31,0.00,13246.02
2022.02.22 01:57:44,BUY,SUCCESS,4380.01,4300,13.00,777.53,0.00,13246.02
2022.02.22 01:57:44,BUY,FAIL,4380.01,4320,13.00,519.87,0.00,13765.89
2022.02.22 16:33:47,SELL,FAIL,4259.99,4340,13.00,-260.13,0.00,13505.76
2022.02.22 16:47:22,BUY,SUCCESS,4340.01,4320,13.00,258.05,0.00,13505.76
2022.02.22 16:47:22,BUY,FAIL,4340.01,4340,13.00,-0.13,0.00,13505.63
2022.02.22 17:06:36,SELL,FAIL,4319.99,4360,13.00,-260.13,0.00,13245.50
2022.02.22 17:29:28,BUY,FAIL,4360.01,4340,13.00,-260.13,0.00,12985.37
2022.02.22 17:41:40,SELL,SUCCESS,4339.99,4360,13.00,257.92,0.00,12985.37
2022.02.22 17:41:40,SELL,SUCCESS,4339.99,4340,13.00,518.18,0.00,12985.37
2022.02.22 17:41:40,SELL,SUCCESS,4339.99,4320,13.00,778.18,0.00,12985.37
2022.02.22 17:41:40,SELL,FAIL,4339.99,4300,13.00,519.87,0.00,13505.24
2022.02.22 21:32:29,BUY,SUCCESS,4360.01,4280,13.00,258.18,0.00,13505.24
2022.02.22 21:32:29,BUY,FAIL,4360.01,4300,13.00,-0.13,0.00,13505.11
2022.02.22 22:50:13,SELL,FAIL,4279.99,4320,13.00,-260.13,0.00,13244.98
2022.02.22 23:01:38,BUY,SUCCESS,4320.01,4300,13.00,258.96,-4.29,13244.98
2022.02.22 23:01:38,BUY,FAIL,4320.01,4320,13.00,-0.13,-4.29,13240.56
2022.02.23 16:54:36,SELL,SUCCESS,4299.99,4340,13.00,257.27,0.00,13240.56
2022.02.23 16:54:36,SELL,SUCCESS,4299.99,4320,13.00,518.05,0.00,13240.56
2022.02.23 16:54:36,SELL,FAIL,4299.99,4300,13.00,259.87,0.00,13500.43
2022.02.23 19:10:04,BUY,FAIL,4340.01,4280,13.00,-260.13,0.00,13240.30
2022.02.23 20:06:37,SELL,SUCCESS,4279.99,4300,13.00,258.05,0.00,13240.30
2022.02.23 20:06:37,SELL,FAIL,4279.99,4280,13.00,-0.13,0.00,13240.17
2022.02.23 20:47:37,BUY,FAIL,4300.01,4260,13.00,-260.13,0.00,12980.04
2022.02.23 21:17:03,SELL,SUCCESS,4259.99,4280,13.00,258.96,0.00,12980.04
2022.02.23 21:17:03,SELL,SUCCESS,4259.99,4260,13.00,518.57,0.00,12980.04
2022.02.23 21:17:03,SELL,SUCCESS,4259.99,4240,13.00,777.27,-4.03,12980.04
2022.02.23 21:17:03,SELL,SUCCESS,4259.99,4220,13.00,1040.26,-4.03,12980.04
2022.02.23 21:17:03,SELL,SUCCESS,4259.99,4200,13.00,1299.22,-4.03,12980.04
2022.02.23 21:17:03,SELL,SUCCESS,4259.99,4180,13.00,1557.27,-4.03,12980.04
2022.02.23 21:17:03,SELL,SUCCESS,4259.99,4160,13.00,1817.92,-4.03,12980.04
2022.02.23 21:17:03,SELL,FAIL,4259.99,4140,13.00,1559.87,-4.03,14535.88
2022.02.24 10:06:28,BUY,SUCCESS,4280.01,4120,14.00,258.44,0.00,14535.88
2022.02.24 10:06:28,BUY,FAIL,4280.01,4140,14.00,-0.13,0.00,14535.75
2022.02.24 12:01:05,SELL,SUCCESS,4119.99,4160,14.00,258.31,0.00,14535.75
2022.02.24 12:01:05,SELL,FAIL,4119.99,4140,14.00,-0.13,0.00,14535.62
2022.02.24 13:51:38,BUY,FAIL,4160.01,4120,14.00,-280.14,0.00,14255.48
2022.02.24 14:31:29,SELL,FAIL,4119.99,4140,14.00,-280.14,0.00,13975.34
2022.02.24 16:38:27,BUY,SUCCESS,4140.01,4120,14.00,278.18,0.00,13975.34
2022.02.24 16:38:27,BUY,FAIL,4140.01,4140,14.00,-0.14,0.00,13975.20
2022.02.24 17:05:37,SELL,FAIL,4119.99,4160,14.00,-280.14,0.00,13695.06
2022.02.24 17:11:36,BUY,SUCCESS,4160.01,4140,14.00,277.62,0.00,13695.06
2022.02.24 17:11:36,BUY,FAIL,4160.01,4160,14.00,-0.14,0.00,13694.92
2022.02.24 17:27:38,SELL,FAIL,4139.99,4180,14.00,-280.14,0.00,13414.78
2022.02.24 17:49:40,BUY,SUCCESS,4180.01,4160,14.00,277.90,0.00,13414.78
2022.02.24 17:49:40,BUY,FAIL,4180.01,4180,14.00,-0.14,0.00,13414.64
2022.02.24 18:31:37,SELL,FAIL,4159.99,4200,14.00,-280.14,0.00,13134.50
2022.02.24 20:48:30,BUY,SUCCESS,4200.01,4180,14.00,279.58,0.00,13134.50
2022.02.24 20:48:30,BUY,FAIL,4200.01,4200,14.00,-0.14,0.00,13134.36
2022.02.24 20:58:18,SELL,FAIL,4179.99,4220,14.00,-280.14,0.00,12854.22
2022.02.24 21:30:28,BUY,SUCCESS,4220.01,4200,14.00,277.48,0.00,12854.22
2022.02.24 21:30:28,BUY,SUCCESS,4220.01,4220,14.00,557.62,0.00,12854.22
2022.02.24 21:30:28,BUY,SUCCESS,4220.01,4240,14.00,837.76,0.00,12854.22
2022.02.24 21:30:28,BUY,FAIL,4220.01,4260,14.00,559.86,-4.62,13409.46
2022.02.25 01:34:14,SELL,FAIL,4199.99,4280,14.00,-280.14,0.00,13129.32
2022.02.25 02:24:33,BUY,FAIL,4280.01,4260,14.00,-280.14,0.00,12849.18
2022.02.25 03:48:45,SELL,SUCCESS,4259.99,4280,14.00,279.16,0.00,12849.18
2022.02.25 03:48:45,SELL,FAIL,4259.99,4260,14.00,-0.14,0.00,12849.04
2022.02.25 11:56:16,BUY,SUCCESS,4280.01,4240,14.00,286.86,0.00,12849.04
2022.02.25 11:56:16,BUY,SUCCESS,4280.01,4260,14.00,558.60,0.00,12849.04
2022.02.25 11:56:16,BUY,SUCCESS,4280.01,4280,14.00,839.30,0.00,12849.04
2022.02.25 11:56:16,BUY,FAIL,4280.01,4300,14.00,559.86,0.00,13408.90
2022.02.25 16:13:30,SELL,FAIL,4239.99,4320,14.00,-280.14,0.00,13128.76
2022.02.25 17:23:16,BUY,SUCCESS,4320.01,4300,14.00,277.34,0.00,13128.76
2022.02.25 17:23:16,BUY,SUCCESS,4320.01,4320,14.00,557.90,0.00,13128.76
2022.02.25 17:23:16,BUY,SUCCESS,4320.01,4340,14.00,837.06,0.00,13128.76
2022.02.25 17:23:16,BUY,FAIL,4320.01,4360,14.00,559.86,0.00,13688.62
2022.02.25 20:10:39,SELL,FAIL,4299.99,4380,14.00,-280.14,0.00,13408.48
2022.02.25 20:42:20,BUY,FAIL,4380.01,4360,14.00,-280.14,0.00,13128.34
2022.02.25 21:53:20,SELL,FAIL,4359.99,4380,14.00,-280.14,0.00,12848.20
2022.02.25 22:24:06,BUY,FAIL,4380.01,4360,14.00,-280.14,-13.86,12554.20
2022.02.28 01:00:00,SELL,SUCCESS,4359.99,4380,14.00,981.12,0.00,12554.20
2022.02.28 01:00:00,SELL,SUCCESS,4359.99,4360,14.00,981.26,0.00,12554.20
2022.02.28 01:00:00,SELL,SUCCESS,4359.99,4340,14.00,981.12,0.00,12554.20
2022.02.28 01:00:00,SELL,SUCCESS,4359.99,4320,14.00,1122.94,0.00,12554.20
2022.02.28 01:00:00,SELL,SUCCESS,4359.99,4300,14.00,1402.80,0.00,12554.20
2022.02.28 01:00:00,SELL,FAIL,4359.99,4280,14.00,1119.86,0.00,13674.06
2022.02.28 01:04:19,BUY,SUCCESS,4380.01,4260,14.00,279.86,0.00,13674.06
2022.02.28 01:04:19,BUY,FAIL,4380.01,4280,14.00,-0.14,0.00,13673.92
2022.02.28 02:17:37,SELL,FAIL,4259.99,4300,14.00,-280.14,0.00,13393.78
2022.02.28 03:09:00,BUY,FAIL,4300.01,4280,14.00,-280.14,0.00,13113.64
2022.02.28 04:30:15,SELL,FAIL,4279.99,4300,14.00,-280.14,0.00,12833.50
2022.02.28 09:04:26,BUY,SUCCESS,4300.01,4280,14.00,278.60,0.00,12833.50
2022.02.28 09:04:26,BUY,FAIL,4300.01,4300,14.00,-0.14,0.00,12833.36
2022.02.28 10:41:38,SELL,FAIL,4279.99,4320,14.00,-280.14,0.00,12553.22
2022.02.28 11:07:28,BUY,SUCCESS,4320.01,4300,14.00,281.54,0.00,12553.22
2022.02.28 11:07:28,BUY,FAIL,4320.01,4320,14.00,-0.14,0.00,12553.08
2022.02.28 15:34:28,SELL,FAIL,4299.99,4340,14.00,-280.14,0.00,12272.94
2022.02.28 16:36:18,BUY,SUCCESS,4340.01,4320,14.00,278.46,0.00,12272.94
2022.02.28 16:36:18,BUY,SUCCESS,4340.01,4340,14.00,557.06,0.00,12272.94
2022.02.28 16:36:18,BUY,FAIL,4340.01,4360,14.00,279.86,0.00,12552.80
2022.02.28 19:11:35,SELL,SUCCESS,4319.99,4380,14.00,278.46,0.00,12552.80
2022.02.28 19:11:35,SELL,FAIL,4319.99,4360,14.00,-0.14,0.00,12552.66
2022.02.28 20:12:27,BUY,FAIL,4380.01,4340,14.00,-280.14,0.00,12272.52
2022.02.28 20:22:26,SELL,SUCCESS,4339.99,4360,14.00,277.48,0.00,12272.52
2022.02.28 20:22:26,SELL,FAIL,4339.99,4340,14.00,-0.14,0.00,12272.38
2022.02.28 21:57:39,BUY,SUCCESS,4360.01,4320,14.00,278.18,0.00,12272.38
2022.02.28 21:57:39,BUY,SUCCESS,4360.01,4340,14.00,559.16,-4.62,12272.38
2022.02.28 21:57:39,BUY,SUCCESS,4360.01,4360,14.00,839.30,-4.62,12272.38
2022.02.28 21:57:39,BUY,FAIL,4360.01,4380,14.00,559.86,-4.62,12827.62
2022.03.01 10:23:26,SELL,SUCCESS,4319.99,4400,14.00,277.90,0.00,12827.62
2022.03.01 10:23:26,SELL,SUCCESS,4319.99,4380,14.00,557.20,0.00,12827.62
2022.03.01 10:23:26,SELL,FAIL,4319.99,4360,14.00,279.86,0.00,13107.48
2022.03.01 15:33:26,BUY,FAIL,4400.01,4340,14.00,-280.14,0.00,12827.34
2022.03.01 17:41:15,SELL,SUCCESS,4339.99,4360,14.00,277.34,0.00,12827.34
2022.03.01 17:41:15,SELL,SUCCESS,4339.99,4340,14.00,557.62,0.00,12827.34
2022.03.01 17:41:15,SELL,FAIL,4339.99,4320,14.00,279.86,0.00,13107.20
2022.03.01 19:48:17,BUY,FAIL,4360.01,4300,14.00,-280.14,0.00,12827.06
2022.03.01 20:24:37,SELL,FAIL,4299.99,4320,14.00,-280.14,0.00,12546.92
2022.03.01 21:40:04,BUY,FAIL,4320.01,4300,14.00,-280.14,0.00,12266.78
2022.03.01 22:30:18,SELL,SUCCESS,4299.99,4320,14.00,278.04,0.00,12266.78
2022.03.01 22:30:18,SELL,FAIL,4299.99,4300,14.00,-0.14,0.00,12266.64
2022.03.01 22:54:27,BUY,SUCCESS,4320.01,4280,14.00,277.90,-4.62,12266.64
2022.03.01 22:54:27,BUY,FAIL,4320.01,4300,14.00,-0.14,-4.62,12261.88
2022.03.02 09:03:38,SELL,FAIL,4279.99,4320,14.00,-280.14,0.00,11981.74
2022.03.02 10:23:29,BUY,FAIL,4320.01,4300,14.00,-280.14,0.00,11701.60
2022.03.02 10:53:28,SELL,FAIL,4299.99,4320,14.00,-280.14,0.00,11421.46
2022.03.02 11:30:27,BUY,SUCCESS,4320.01,4300,14.00,277.34,0.00,11421.46
2022.03.02 11:30:27,BUY,FAIL,4320.01,4320,14.00,-0.14,0.00,11421.32
2022.03.02 15:16:38,SELL,FAIL,4299.99,4340,14.00,-280.14,0.00,11141.18
2022.03.02 16:41:04,BUY,SUCCESS,4340.01,4320,14.00,277.76,0.00,11141.18
2022.03.02 16:41:04,BUY,SUCCESS,4340.01,4340,14.00,558.60,0.00,11141.18
2022.03.02 16:41:04,BUY,SUCCESS,4340.01,4360,14.00,837.76,0.00,11141.18
2022.03.02 16:41:04,BUY,FAIL,4340.01,4380,14.00,559.86,0.00,11701.04
2022.03.02 23:24:28,SELL,FAIL,4319.99,4400,14.00,-280.14,-4.34,11416.56
2022.03.03 15:44:44,BUY,SUCCESS,4400.01,4380,14.00,279.16,0.00,11416.56
2022.03.03 15:44:44,BUY,FAIL,4400.01,4400,14.00,-0.14,0.00,11416.42
2022.03.03 16:38:13,SELL,SUCCESS,4379.99,4420,14.00,277.06,0.00,11416.42
2022.03.03 16:38:13,SELL,SUCCESS,4379.99,4400,14.00,559.02,0.00,11416.42
2022.03.03 16:38:13,SELL,FAIL,4379.99,4380,14.00,279.86,0.00,11696.28
2022.03.03 19:33:05,BUY,FAIL,4420.01,4360,14.00,-280.14,0.00,11416.14
2022.03.03 22:04:03,SELL,SUCCESS,4359.99,4380,14.00,280.14,-4.34,11416.14
2022.03.03 22:04:03,SELL,SUCCESS,4359.99,4360,14.00,558.60,-4.34,11416.14
2022.03.03 22:04:03,SELL,SUCCESS,4359.99,4340,14.00,840.14,-4.34,11416.14
2022.03.03 22:04:03,SELL,FAIL,4359.99,4320,14.00,559.86,-4.34,11971.66
2022.03.04 03:23:14,BUY,SUCCESS,4380.01,4300,14.00,277.90,0.00,11971.66
2022.03.04 03:23:14,BUY,FAIL,4380.01,4320,14.00,-0.14,0.00,11971.52
2022.03.04 05:49:33,SELL,FAIL,4299.99,4340,14.00,-280.14,0.00,11691.38
2022.03.04 07:56:38,BUY,SUCCESS,4340.01,4320,14.00,278.32,0.00,11691.38
2022.03.04 07:56:38,BUY,FAIL,4340.01,4340,14.00,-0.14,0.00,11691.24
2022.03.04 10:35:37,SELL,SUCCESS,4319.99,4360,14.00,277.90,0.00,11691.24
2022.03.04 10:35:37,SELL,FAIL,4319.99,4340,14.00,-0.14,0.00,11691.10
2022.03.04 12:29:14,BUY,FAIL,4360.01,4320,14.00,-280.14,0.00,11410.96
2022.03.04 13:21:27,SELL,FAIL,4319.99,4340,14.00,-280.14,0.00,11130.82
2022.03.04 15:30:16,BUY,FAIL,4340.01,4320,14.00,-280.14,0.00,10850.68
2022.03.04 15:49:49,SELL,SUCCESS,4319.99,4340,14.00,278.18,0.00,10850.68
2022.03.04 15:49:49,SELL,FAIL,4319.99,4320,14.00,-0.14,0.00,10850.54
2022.03.04 16:59:03,BUY,FAIL,4340.01,4300,14.00,-280.14,0.00,10570.40
2022.03.04 17:11:26,SELL,FAIL,4299.99,4320,14.00,-280.14,0.00,10290.26
2022.03.04 19:16:15,BUY,SUCCESS,4320.01,4300,14.00,277.62,0.00,10290.26
2022.03.04 19:16:15,BUY,FAIL,4320.01,4320,14.00,-0.14,0.00,10290.12
2022.03.04 20:43:18,SELL,SUCCESS,4299.99,4340,14.00,277.90,0.00,10290.12
2022.03.04 20:43:18,SELL,FAIL,4299.99,4320,14.00,-0.14,0.00,10289.98
2022.03.04 22:28:40,BUY,FAIL,4340.01,4300,14.00,-280.14,-13.86,9995.98
2022.03.07 01:00:00,SELL,SUCCESS,4299.99,4320,14.00,277.06,0.00,9995.98
2022.03.07 01:00:00,SELL,SUCCESS,4299.99,4300,14.00,557.06,0.00,9995.98
2022.03.07 01:00:00,SELL,FAIL,4299.99,4280,14.00,279.86,0.00,10275.84
2022.03.07 06:58:40,BUY,FAIL,4320.01,4260,14.00,-280.14,0.00,9995.70
2022.03.07 09:51:36,SELL,FAIL,4259.99,4280,14.00,-280.14,0.00,9715.56
2022.03.07 14:00:18,BUY,SUCCESS,4280.01,4260,14.00,277.62,0.00,9715.56
2022.03.07 14:00:18,BUY,SUCCESS,4280.01,4280,14.00,558.46,0.00,9715.56
2022.03.07 14:00:18,BUY,FAIL,4280.01,4300,14.00,279.86,0.00,9995.42
2022.03.07 16:42:17,SELL,SUCCESS,4259.99,4320,14.00,278.74,0.00,9995.42
2022.03.07 16:42:17,SELL,SUCCESS,4259.99,4300,14.00,559.86,0.00,9995.42
2022.03.07 16:42:17,SELL,SUCCESS,4259.99,4280,14.00,839.72,0.00,9995.42
2022.03.07 16:42:17,SELL,SUCCESS,4259.99,4260,14.00,1118.04,0.00,9995.42
2022.03.07 16:42:17,SELL,SUCCESS,4259.99,4240,14.00,1399.86,0.00,9995.42
2022.03.07 16:42:17,SELL,SUCCESS,4259.99,4220,14.00,1678.46,-4.34,9995.42
2022.03.07 16:42:17,SELL,SUCCESS,4259.99,4200,14.00,1957.06,-4.34,9995.42
2022.03.07 16:42:17,SELL,FAIL,4259.99,4180,14.00,1679.86,-4.34,11670.94
2022.03.08 10:10:27,BUY,SUCCESS,4320.01,4160,14.00,278.60,0.00,11670.94
2022.03.08 10:10:27,BUY,SUCCESS,4320.01,4180,14.00,557.76,0.00,11670.94
2022.03.08 10:10:27,BUY,FAIL,4320.01,4200,14.00,279.86,0.00,11950.80
2022.03.08 12:19:28,SELL,FAIL,4159.99,4220,14.00,-280.14,0.00,11670.66
2022.03.08 12:53:27,BUY,FAIL,4220.01,4200,14.00,-280.14,0.00,11390.52
2022.03.08 15:11:13,SELL,SUCCESS,4199.99,4220,14.00,279.02,0.00,11390.52
2022.03.08 15:11:13,SELL,SUCCESS,4199.99,4200,14.00,558.04,0.00,11390.52
2022.03.08 15:11:13,SELL,FAIL,4199.99,4180,14.00,279.86,0.00,11670.38
2022.03.08 17:46:39,BUY,SUCCESS,4220.01,4160,14.00,277.06,0.00,11670.38
2022.03.08 17:46:39,BUY,FAIL,4220.01,4180,14.00,-0.14,0.00,11670.24
2022.03.08 18:17:04,SELL,SUCCESS,4159.99,4200,14.00,279.02,0.00,11670.24
2022.03.08 18:17:04,SELL,FAIL,4159.99,4180,14.00,-0.14,0.00,11670.10
2022.03.08 18:47:27,BUY,SUCCESS,4200.01,4160,14.00,278.18,0.00,11670.10
2022.03.08 18:47:27,BUY,SUCCESS,4200.01,4180,14.00,558.04,0.00,11670.10
2022.03.08 18:47:27,BUY,SUCCESS,4200.01,4200,14.00,838.88,0.00,11670.10
2022.03.08 18:47:27,BUY,SUCCESS,4200.01,4220,14.00,1118.32,0.00,11670.10
2022.03.08 18:47:27,BUY,FAIL,4200.01,4240,14.00,839.86,0.00,12509.96
2022.03.08 20:30:20,SELL,SUCCESS,4159.99,4260,14.00,277.48,0.00,12509.96
2022.03.08 20:30:20,SELL,SUCCESS,4159.99,4240,14.00,559.58,0.00,12509.96
2022.03.08 20:30:20,SELL,FAIL,4159.99,4220,14.00,279.86,0.00,12789.82
2022.03.08 21:45:02,BUY,SUCCESS,4260.01,4200,14.00,278.04,0.00,12789.82
2022.03.08 21:45:02,BUY,FAIL,4260.01,4220,14.00,-0.14,0.00,12789.68
2022.03.08 22:13:36,SELL,SUCCESS,4199.99,4240,14.00,278.18,0.00,12789.68
2022.03.08 22:13:36,SELL,SUCCESS,4199.99,4220,14.00,557.06,0.00,12789.68
2022.03.08 22:13:36,SELL,SUCCESS,4199.99,4200,14.00,837.62,0.00,12789.68
2022.03.08 22:13:36,SELL,FAIL,4199.99,4180,14.00,559.86,-4.34,13345.20
2022.03.09 03:00:03,BUY,SUCCESS,4240.01,4160,14.00,277.34,0.00,13345.20
2022.03.09 03:00:03,BUY,SUCCESS,4240.01,4180,14.00,558.18,0.00,13345.20
2022.03.09 03:00:03,BUY,SUCCESS,4240.01,4200,14.00,838.04,0.00,13345.20
2022.03.09 03:00:03,BUY,SUCCESS,4240.01,4220,14.00,1117.48,0.00,13345.20
2022.03.09 03:00:03,BUY,FAIL,4240.01,4240,14.00,839.86,0.00,14185.06
2022.03.09 16:52:27,SELL,FAIL,4159.99,4260,14.00,-280.14,0.00,13904.92
2022.03.09 17:02:28,BUY,SUCCESS,4260.01,4240,14.00,277.48,0.00,13904.92
2022.03.09 17:02:28,BUY,SUCCESS,4260.01,4260,14.00,557.76,0.00,13904.92
2022.03.09 17:02:28,BUY,FAIL,4260.01,4280,14.00,279.86,0.00,14184.78
2022.03.09 22:51:15,SELL,SUCCESS,4239.99,4300,14.00,277.76,-4.34,14184.78
2022.03.09 22:51:15,SELL,SUCCESS,4239.99,4280,14.00,558.60,-4.34,14184.78
2022.03.09 22:51:15,SELL,SUCCESS,4239.99,4260,14.00,837.06,-4.34,14184.78
2022.03.09 22:51:15,SELL,FAIL,4239.99,4240,14.00,559.86,-4.34,14740.30
2022.03.10 20:49:18,BUY,SUCCESS,4300.01,4220,14.00,278.32,0.00,14740.30
2022.03.10 20:49:18,BUY,FAIL,4300.01,4240,14.00,-0.14,-4.62,14735.54
2022.03.11 03:33:38,SELL,FAIL,4219.99,4260,14.00,-280.14,0.00,14455.40
2022.03.11 08:04:28,BUY,SUCCESS,4260.01,4240,14.00,279.16,0.00,14455.40
2022.03.11 08:04:28,BUY,FAIL,4260.01,4260,14.00,-0.14,0.00,14455.26
2022.03.11 09:59:03,SELL,FAIL,4239.99,4280,14.00,-280.14,0.00,14175.12
2022.03.11 12:02:16,BUY,SUCCESS,4280.01,4260,14.00,289.80,0.00,14175.12
2022.03.11 12:02:16,BUY,SUCCESS,4280.01,4280,14.00,558.88,0.00,14175.12
2022.03.11 12:02:16,BUY,FAIL,4280.01,4300,14.00,279.86,0.00,14454.98
2022.03.11 15:13:18,SELL,SUCCESS,4259.99,4320,14.00,278.88,0.00,14454.98
2022.03.11 15:13:18,SELL,SUCCESS,4259.99,4300,14.00,558.88,0.00,14454.98
2022.03.11 15:13:18,SELL,SUCCESS,4259.99,4280,14.00,837.76,0.00,14454.98
2022.03.11 15:13:18,SELL,SUCCESS,4259.99,4260,14.00,1117.20,0.00,14454.98
2022.03.11 15:13:18,SELL,SUCCESS,4259.99,4240,14.00,1397.20,0.00,14454.98
2022.03.11 15:13:18,SELL,FAIL,4259.99,4220,14.00,1119.86,-13.02,15561.82
2022.03.14 01:00:00,BUY,SUCCESS,4320.01,4200,15.00,279.02,0.00,15561.82
2022.03.14 01:00:00,BUY,FAIL,4320.01,4220,15.00,-0.14,0.00,15561.68
2022.03.14 14:29:29,SELL,SUCCESS,4199.99,4240,15.00,279.16,0.00,15561.68
2022.03.14 14:29:29,SELL,FAIL,4199.99,4220,15.00,-0.14,0.00,15561.54
2022.03.14 16:48:38,BUY,SUCCESS,4240.01,4200,15.00,298.65,0.00,15561.54
2022.03.14 16:48:38,BUY,FAIL,4240.01,4220,15.00,-0.15,0.00,15561.39
2022.03.14 18:37:28,SELL,SUCCESS,4199.99,4240,15.00,297.75,0.00,15561.39
2022.03.14 18:37:28,SELL,SUCCESS,4199.99,4220,15.00,597.30,0.00,15561.39
2022.03.14 18:37:28,SELL,SUCCESS,4199.99,4200,15.00,898.65,-4.65,15561.39
2022.03.14 18:37:28,SELL,SUCCESS,4199.99,4180,15.00,1196.85,-4.65,15561.39
2022.03.14 18:37:28,SELL,FAIL,4199.99,4160,15.00,899.85,-4.65,16456.59
2022.03.15 12:40:36,BUY,SUCCESS,4240.01,4140,16.00,298.80,0.00,16456.59
2022.03.15 12:40:36,BUY,SUCCESS,4240.01,4160,16.00,597.30,0.00,16456.59
2022.03.15 12:40:36,BUY,SUCCESS,4240.01,4180,16.00,897.15,0.00,16456.59
2022.03.15 12:40:36,BUY,SUCCESS,4240.01,4200,16.00,1197.75,0.00,16456.59
2022.03.15 12:40:36,BUY,FAIL,4240.01,4220,16.00,899.85,0.00,17356.44
2022.03.15 19:03:00,SELL,FAIL,4139.99,4240,17.00,-300.15,0.00,17056.29
2022.03.15 19:24:27,BUY,FAIL,4240.01,4220,17.00,-320.16,0.00,16736.13
2022.03.15 21:19:05,SELL,FAIL,4219.99,4240,17.00,-340.17,0.00,16395.96
2022.03.15 21:45:39,BUY,SUCCESS,4240.01,4220,17.00,337.28,0.00,16395.96
2022.03.15 21:45:39,BUY,SUCCESS,4240.01,4240,17.00,680.00,-5.61,16395.96
2022.03.15 21:45:39,BUY,SUCCESS,4240.01,4260,17.00,1017.62,-5.61,16395.96
2022.03.15 21:45:39,BUY,SUCCESS,4240.01,4280,17.00,1359.32,-5.61,16395.96
2022.03.15 21:45:39,BUY,FAIL,4240.01,4300,17.00,1019.83,-5.61,17410.18
2022.03.16 16:05:45,SELL,FAIL,4219.99,4320,17.00,-340.17,0.00,17070.01
2022.03.16 16:38:37,BUY,SUCCESS,4320.01,4300,17.00,337.11,0.00,17070.01
2022.03.16 16:38:37,BUY,FAIL,4320.01,4320,17.00,-0.17,0.00,17069.84
2022.03.16 19:48:27,SELL,SUCCESS,4299.99,4340,17.00,337.11,0.00,17069.84
2022.03.16 19:48:27,SELL,SUCCESS,4299.99,4320,17.00,678.47,0.00,17069.84
2022.03.16 19:48:27,SELL,SUCCESS,4299.99,4300,17.00,1017.62,0.00,17069.84
2022.03.16 19:48:27,SELL,FAIL,4299.99,4280,17.00,679.83,0.00,17749.67
2022.03.16 21:39:38,BUY,SUCCESS,4340.01,4260,17.00,338.98,0.00,17749.67
2022.03.16 21:39:38,BUY,SUCCESS,4340.01,4280,17.00,679.32,0.00,17749.67
2022.03.16 21:39:38,BUY,SUCCESS,4340.01,4300,17.00,1016.77,0.00,17749.67
2022.03.16 21:39:38,BUY,SUCCESS,4340.01,4320,17.00,1357.79,0.00,17749.67
2022.03.16 21:39:38,BUY,FAIL,4340.01,4340,17.00,1019.83,-5.61,18763.89
2022.03.17 13:00:29,SELL,FAIL,4259.99,4360,18.00,-340.17,0.00,18423.72
2022.03.17 16:57:39,BUY,SUCCESS,4360.01,4340,18.00,336.43,0.00,18423.72
2022.03.17 16:57:39,BUY,SUCCESS,4360.01,4360,18.00,676.60,0.00,18423.72
2022.03.17 16:57:39,BUY,FAIL,4360.01,4380,18.00,339.83,-5.61,18757.94
2022.03.18 04:06:00,SELL,FAIL,4339.99,4400,18.00,-360.18,0.00,18397.76
2022.03.18 09:27:28,BUY,FAIL,4400.01,4380,18.00,-360.18,0.00,18037.58
2022.03.18 12:26:37,SELL,FAIL,4379.99,4400,18.00,-360.18,0.00,17677.40
2022.03.18 16:36:04,BUY,SUCCESS,4400.01,4380,18.00,356.40,0.00,17677.40
2022.03.18 16:36:04,BUY,SUCCESS,4400.01,4400,18.00,716.76,0.00,17677.40
2022.03.18 16:36:04,BUY,SUCCESS,4400.01,4420,18.00,1078.02,0.00,17677.40
2022.03.18 16:36:04,BUY,FAIL,4400.01,4440,18.00,719.82,-17.82,18379.40
2022.03.21 08:44:38,SELL,FAIL,4379.99,4460,18.00,-360.18,0.00,18019.22
2022.03.21 11:40:03,BUY,SUCCESS,4460.01,4440,18.00,356.22,0.00,18019.22
2022.03.21 11:40:03,BUY,FAIL,4460.01,4460,18.00,-0.18,0.00,18019.04
2022.03.21 16:54:17,SELL,SUCCESS,4439.99,4480,18.00,356.94,0.00,18019.04
2022.03.21 16:54:17,SELL,FAIL,4439.99,4460,18.00,-0.18,0.00,18018.86
2022.03.21 22:58:26,BUY,SUCCESS,4480.01,4440,18.00,356.22,-5.94,18018.86
2022.03.21 22:58:26,BUY,SUCCESS,4480.01,4460,18.00,716.40,-5.94,18018.86
2022.03.21 22:58:26,BUY,SUCCESS,4480.01,4480,18.00,1076.58,-5.94,18018.86
2022.03.21 22:58:26,BUY,FAIL,4480.01,4500,18.00,719.82,-11.88,18726.80
2022.03.23 12:35:47,SELL,SUCCESS,4439.99,4520,18.00,357.48,0.00,18726.80
2022.03.23 12:35:47,SELL,FAIL,4439.99,4500,18.00,-0.18,0.00,18726.62
2022.03.23 19:02:45,BUY,FAIL,4520.01,4480,18.00,-360.18,0.00,18366.44
2022.03.23 19:45:35,SELL,SUCCESS,4479.99,4500,18.00,356.22,0.00,18366.44
2022.03.23 19:45:35,SELL,FAIL,4479.99,4480,18.00,-0.18,-5.58,18360.68
2022.03.24 11:07:04,BUY,SUCCESS,4500.01,4460,18.00,356.94,0.00,18360.68
2022.03.24 11:07:04,BUY,SUCCESS,4500.01,4480,18.00,716.40,0.00,18360.68
2022.03.24 11:07:04,BUY,SUCCESS,4500.01,4500,18.00,1077.12,-5.94,18360.68
2022.03.24 11:07:04,BUY,FAIL,4500.01,4520,18.00,719.82,-5.94,19074.56
2022.03.25 18:10:28,SELL,FAIL,4459.99,4540,19.00,-360.18,0.00,18714.38
2022.03.25 22:59:01,BUY,FAIL,4540.01,4520,19.00,-360.18,-17.82,18336.38
2022.03.28 18:50:05,SELL,FAIL,4519.99,4540,19.00,-380.19,0.00,17956.19
2022.03.28 20:25:14,BUY,SUCCESS,4540.01,4520,19.00,376.58,0.00,17956.19
2022.03.28 20:25:14,BUY,SUCCESS,4540.01,4540,19.00,756.20,-6.27,17956.19
2022.03.28 20:25:14,BUY,SUCCESS,4540.01,4560,19.00,1136.01,-6.27,17956.19
2022.03.28 20:25:14,BUY,SUCCESS,4540.01,4580,19.00,1517.91,-6.27,17956.19
2022.03.28 20:25:14,BUY,FAIL,4540.01,4600,19.00,1139.81,-6.27,19089.73
2022.03.29 17:07:37,SELL,FAIL,4519.99,4620,19.00,-380.19,0.00,18709.54
2022.03.29 21:36:04,BUY,FAIL,4620.01,4600,19.00,-380.19,-6.27,18323.08
2022.03.30 21:42:26,SELL,SUCCESS,4599.99,4620,19.00,376.01,-5.89,18323.08
2022.03.30 21:42:26,SELL,SUCCESS,4599.99,4600,19.00,757.53,-5.89,18323.08
2022.03.30 21:42:26,SELL,SUCCESS,4599.99,4580,19.00,1136.58,-5.89,18323.08
2022.03.30 21:42:26,SELL,FAIL,4599.99,4560,19.00,759.81,-11.78,19071.11
2022.04.01 13:01:18,BUY,FAIL,4620.01,4540,19.00,-380.19,0.00,18690.92
2022.04.01 16:35:14,SELL,SUCCESS,4539.99,4560,19.00,376.58,0.00,18690.92
2022.04.01 16:35:14,SELL,FAIL,4539.99,4540,19.00,-0.19,0.00,18690.73
2022.04.01 21:31:38,BUY,FAIL,4560.01,4520,19.00,-380.19,0.00,18310.54
2022.04.01 22:33:39,SELL,FAIL,4519.99,4540,19.00,-380.19,0.00,17930.35
2022.04.01 22:51:16,BUY,SUCCESS,4540.01,4520,19.00,376.20,-18.81,17930.35
2022.04.01 22:51:16,BUY,SUCCESS,4540.01,4540,19.00,756.20,-18.81,17930.35
2022.04.01 22:51:16,BUY,FAIL,4540.01,4560,19.00,379.81,-25.08,18285.08
2022.04.05 17:15:27,SELL,SUCCESS,4519.99,4580,19.00,376.39,0.00,18285.08
2022.04.05 17:15:27,SELL,SUCCESS,4519.99,4560,19.00,757.91,0.00,18285.08
2022.04.05 17:15:27,SELL,SUCCESS,4519.99,4540,19.00,1137.91,-5.89,18285.08
2022.04.05 17:15:27,SELL,SUCCESS,4519.99,4520,19.00,1516.77,-5.89,18285.08
2022.04.05 17:15:27,SELL,SUCCESS,4519.99,4500,19.00,1896.01,-5.89,18285.08
2022.04.05 17:15:27,SELL,FAIL,4519.99,4480,19.00,1519.81,-5.89,19799.00
2022.04.06 20:40:37,BUY,FAIL,4580.01,4460,19.00,-380.19,0.00,19418.81
2022.04.06 21:14:16,SELL,FAIL,4459.99,4480,19.00,-380.19,0.00,19038.62
2022.04.06 21:33:46,BUY,SUCCESS,4480.01,4460,19.00,376.20,0.00,19038.62
2022.04.06 21:33:46,BUY,FAIL,4480.01,4480,19.00,-0.19,0.00,19038.43
2022.04.06 22:22:27,SELL,SUCCESS,4459.99,4500,19.00,404.51,-5.89,19038.43
2022.04.06 22:22:27,SELL,FAIL,4459.99,4480,19.00,-0.19,-5.89,19032.35
2022.04.07 09:44:28,BUY,SUCCESS,4500.01,4460,19.00,379.43,0.00,19032.35
2022.04.07 09:44:28,BUY,FAIL,4500.01,4480,19.00,-0.19,0.00,19032.16
2022.04.07 15:11:37,SELL,SUCCESS,4459.99,4500,19.00,376.20,0.00,19032.16
2022.04.07 15:11:37,SELL,FAIL,4459.99,4480,19.00,-0.19,0.00,19031.97
2022.04.07 20:28:04,BUY,SUCCESS,4500.01,4460,19.00,377.91,0.00,19031.97
2022.04.07 20:28:04,BUY,SUCCESS,4500.01,4480,19.00,756.01,0.00,19031.97
2022.04.07 20:28:04,BUY,FAIL,4500.01,4500,19.00,379.81,0.00,19411.78
2022.04.07 22:58:05,SELL,FAIL,4459.99,4520,19.00,-380.19,-5.89,19025.70
2022.04.08 10:59:38,BUY,FAIL,4520.01,4500,19.00,-380.19,0.00,18645.51
2022.04.08 16:02:03,SELL,SUCCESS,4499.99,4520,19.00,376.77,0.00,18645.51
2022.04.08 16:02:03,SELL,FAIL,4499.99,4500,19.00,-0.19,0.00,18645.32
2022.04.08 17:52:18,BUY,SUCCESS,4520.01,4480,19.00,377.15,0.00,18645.32
2022.04.08 17:52:18,BUY,FAIL,4520.01,4500,19.00,-0.19,0.00,18645.13
2022.04.08 21:25:01,SELL,SUCCESS,4479.99,4520,19.00,379.81,-17.67,18645.13
2022.04.08 21:25:01,SELL,SUCCESS,4479.99,4500,19.00,756.39,-17.67,18645.13
2022.04.08 21:25:01,SELL,FAIL,4479.99,4480,19.00,379.81,-17.67,19007.27
2022.04.11 10:29:24,BUY,FAIL,4520.01,4460,19.00,-380.19,0.00,18627.08
2022.04.11 11:19:37,SELL,SUCCESS,4459.99,4480,19.00,376.58,0.00,18627.08
2022.04.11 11:19:37,SELL,SUCCESS,4459.99,4460,19.00,756.20,0.00,18627.08
2022.04.11 11:19:37,SELL,SUCCESS,4459.99,4440,19.00,1137.15,-5.89,18627.08
2022.04.11 11:19:37,SELL,FAIL,4459.99,4420,19.00,759.81,-5.89,19381.00
2022.04.12 15:05:10,BUY,SUCCESS,4480.01,4400,19.00,383.04,0.00,19381.00
2022.04.12 15:05:10,BUY,SUCCESS,4480.01,4420,19.00,756.58,0.00,19381.00
2022.04.12 15:05:10,BUY,FAIL,4480.01,4440,19.00,379.81,0.00,19760.81
2022.04.12 16:30:38,SELL,FAIL,4399.99,4460,19.00,-380.19,0.00,19380.62
2022.04.12 16:48:28,BUY,FAIL,4460.01,4440,19.00,-380.19,0.00,19000.43
2022.04.12 17:50:06,SELL,SUCCESS,4439.99,4460,19.00,379.62,0.00,19000.43
2022.04.12 17:50:06,SELL,SUCCESS,4439.99,4440,19.00,760.19,0.00,19000.43
2022.04.12 17:50:06,SELL,FAIL,4439.99,4420,19.00,379.81,-5.89,19374.35
2022.04.13 06:05:30,BUY,FAIL,4460.01,4400,19.00,-380.19,0.00,18994.16
2022.04.13 15:09:24,SELL,FAIL,4399.99,4420,19.00,-380.19,0.00,18613.97
2022.04.13 18:03:26,BUY,SUCCESS,4420.01,4400,19.00,378.48,0.00,18613.97
2022.04.13 18:03:26,BUY,SUCCESS,4420.01,4420,19.00,756.01,-6.27,18613.97
2022.04.13 18:03:26,BUY,FAIL,4420.01,4440,19.00,379.81,-6.27,18987.51
2022.04.14 14:52:30,SELL,FAIL,4399.99,4460,19.00,-380.19,0.00,18607.32
2022.04.14 16:35:27,BUY,FAIL,4460.01,4440,19.00,-380.19,0.00,18227.13
2022.04.14 16:45:00,SELL,SUCCESS,4439.99,4460,19.00,379.62,0.00,18227.13
2022.04.14 16:45:00,SELL,SUCCESS,4439.99,4440,19.00,756.01,0.00,18227.13
2022.04.14 16:45:00,SELL,SUCCESS,4439.99,4420,19.00,1142.66,-23.56,18227.13
2022.04.14 16:45:00,SELL,FAIL,4439.99,4400,19.00,759.81,-23.56,18963.38
2022.04.18 16:33:28,BUY,FAIL,4460.01,4380,19.00,-380.19,0.00,18583.19
2022.04.18 18:40:26,SELL,FAIL,4379.99,4400,19.00,-380.19,0.00,18203.00
2022.04.18 20:35:19,BUY,FAIL,4400.01,4380,19.00,-380.19,0.00,17822.81
2022.04.18 22:32:37,SELL,FAIL,4379.99,4400,19.00,-380.19,0.00,17442.62
2022.04.18 23:04:28,BUY,FAIL,4400.01,4380,19.00,-380.19,-6.27,17056.16
2022.04.19 12:26:40,SELL,FAIL,4379.99,4400,19.00,-380.19,0.00,16675.97
2022.04.19 16:34:14,BUY,SUCCESS,4400.01,4380,19.00,380.95,0.00,16675.97
2022.04.19 16:34:14,BUY,SUCCESS,4400.01,4400,19.00,756.58,0.00,16675.97
2022.04.19 16:34:14,BUY,SUCCESS,4400.01,4420,19.00,1139.62,0.00,16675.97
2022.04.19 16:34:14,BUY,FAIL,4400.01,4440,19.00,759.81,0.00,17435.78
2022.04.19 23:14:28,SELL,FAIL,4379.99,4460,19.00,-380.19,-5.89,17049.70
2022.04.20 12:27:18,BUY,SUCCESS,4460.01,4440,19.00,377.91,0.00,17049.70
2022.04.20 12:27:18,BUY,FAIL,4460.01,4460,19.00,-0.19,0.00,17049.51
2022.04.20 16:57:36,SELL,FAIL,4439.99,4480,19.00,-380.19,0.00,16669.32
2022.04.20 17:39:15,BUY,FAIL,4480.01,4460,19.00,-380.19,0.00,16289.13
2022.04.20 21:36:27,SELL,FAIL,4459.99,4480,19.00,-380.19,-5.89,15903.05
2022.04.21 04:42:20,BUY,SUCCESS,4480.01,4460,19.00,379.05,0.00,15903.05
2022.04.21 04:42:20,BUY,FAIL,4480.01,4480,19.00,-0.19,0.00,15902.86
2022.04.21 18:21:04,SELL,SUCCESS,4459.99,4500,19.00,379.81,0.00,15902.86
2022.04.21 18:21:04,SELL,SUCCESS,4459.99,4480,19.00,758.48,0.00,15902.86
2022.04.21 18:21:04,SELL,SUCCESS,4459.99,4460,19.00,1139.62,0.00,15902.86
2022.04.21 18:21:04,SELL,SUCCESS,4459.99,4440,19.00,1516.01,0.00,15902.86
2022.04.21 18:21:04,SELL,SUCCESS,4459.99,4420,19.00,1900.76,-5.89,15902.86
2022.04.21 18:21:04,SELL,SUCCESS,4459.99,4400,19.00,2276.77,-5.89,15902.86
2022.04.21 18:21:04,SELL,SUCCESS,4459.99,4380,19.00,2658.86,-5.89,15902.86
2022.04.21 18:21:04,SELL,SUCCESS,4459.99,4360,19.00,3036.01,-5.89,15902.86
2022.04.21 18:21:04,SELL,SUCCESS,4459.99,4340,19.00,3421.71,-5.89,15902.86
2022.04.21 18:21:04,SELL,SUCCESS,4459.99,4320,19.00,3798.86,-5.89,15902.86
2022.04.21 18:21:04,SELL,FAIL,4459.99,4300,19.00,3419.81,-5.89,19316.78
2022.04.22 22:14:29,BUY,FAIL,4500.01,4280,19.00,-380.19,0.00,18936.59
2022.04.22 22:51:06,SELL,SUCCESS,4279.99,4300,19.00,387.41,0.00,18936.59
2022.04.22 22:51:06,SELL,SUCCESS,4279.99,4280,19.00,761.33,-17.67,18936.59
2022.04.22 22:51:06,SELL,SUCCESS,4279.99,4260,19.00,1137.72,-17.67,18936.59
2022.04.22 22:51:06,SELL,FAIL,4279.99,4240,19.00,759.81,-17.67,19678.73
2022.04.25 17:25:16,BUY,FAIL,4300.01,4220,19.00,-380.19,0.00,19298.54
2022.04.25 17:58:28,SELL,FAIL,4219.99,4240,19.00,-380.19,0.00,18918.35
2022.04.25 19:36:38,BUY,SUCCESS,4240.01,4220,19.00,380.76,0.00,18918.35
2022.04.25 19:36:38,BUY,SUCCESS,4240.01,4240,19.00,756.01,0.00,18918.35
2022.04.25 19:36:38,BUY,FAIL,4240.01,4260,19.00,379.81,0.00,19298.16
2022.04.25 22:03:18,SELL,FAIL,4219.99,4280,19.00,-380.19,0.00,18917.97
2022.04.25 22:22:30,BUY,SUCCESS,4280.01,4260,19.00,377.34,0.00,18917.97
2022.04.25 22:22:30,BUY,FAIL,4280.01,4280,19.00,-0.19,-6.27,18911.51
2022.04.26 10:15:29,SELL,SUCCESS,4259.99,4300,19.00,381.33,0.00,18911.51
2022.04.26 10:15:29,SELL,SUCCESS,4259.99,4280,19.00,756.01,0.00,18911.51
2022.04.26 10:15:29,SELL,SUCCESS,4259.99,4260,19.00,1138.67,0.00,18911.51
2022.04.26 10:15:29,SELL,SUCCESS,4259.99,4240,19.00,1518.86,0.00,18911.51
2022.04.26 10:15:29,SELL,FAIL,4259.99,4220,19.00,1139.81,0.00,20051.32
2022.04.26 21:21:26,BUY,FAIL,4300.01,4200,20.00,-380.19,0.00,19671.13
2022.04.26 22:14:25,SELL,SUCCESS,4199.99,4220,20.00,377.15,0.00,19671.13
2022.04.26 22:14:25,SELL,SUCCESS,4199.99,4200,20.00,758.10,0.00,19671.13
2022.04.26 22:14:25,SELL,FAIL,4199.99,4180,20.00,379.81,-5.89,20045.05
2022.04.27 01:29:29,BUY,SUCCESS,4220.01,4160,20.00,395.80,0.00,20045.05
2022.04.27 01:29:29,BUY,FAIL,4220.01,4180,20.00,-0.20,0.00,20044.85
2022.04.27 10:25:29,SELL,FAIL,4159.99,4200,20.00,-400.20,0.00,19644.65
2022.04.27 10:48:39,BUY,SUCCESS,4200.01,4180,20.00,397.80,0.00,19644.65
2022.04.27 10:48:39,BUY,FAIL,4200.01,4200,20.00,-0.20,0.00,19644.45
2022.04.27 14:21:18,SELL,FAIL,4179.99,4220,20.00,-400.20,0.00,19244.25
2022.04.27 16:45:14,BUY,FAIL,4220.01,4200,20.00,-400.20,0.00,18844.05
2022.04.27 17:10:39,SELL,SUCCESS,4199.99,4220,20.00,399.00,0.00,18844.05
2022.04.27 17:10:39,SELL,FAIL,4199.99,4200,20.00,-0.20,0.00,18843.85
2022.04.27 17:46:44,BUY,SUCCESS,4220.01,4180,20.00,395.80,0.00,18843.85
2022.04.27 17:46:44,BUY,FAIL,4220.01,4200,20.00,-0.20,0.00,18843.65
2022.04.27 19:01:40,SELL,FAIL,4179.99,4220,20.00,-400.20,0.00,18443.45
2022.04.27 19:21:28,BUY,SUCCESS,4220.01,4200,20.00,397.80,0.00,18443.45
2022.04.27 19:21:28,BUY,FAIL,4220.01,4220,20.00,-0.20,0.00,18443.25
2022.04.27 20:01:28,SELL,SUCCESS,4199.99,4240,20.00,396.60,0.00,18443.25
2022.04.27 20:01:28,SELL,SUCCESS,4199.99,4220,20.00,798.80,0.00,18443.25
2022.04.27 20:01:28,SELL,FAIL,4199.99,4200,20.00,399.80,0.00,18843.05
2022.04.27 23:06:01,BUY,SUCCESS,4240.01,4180,20.00,397.80,0.00,18843.05
2022.04.27 23:06:01,BUY,SUCCESS,4240.01,4200,20.00,796.40,-6.60,18843.05
2022.04.27 23:06:01,BUY,SUCCESS,4240.01,4220,20.00,1198.80,-6.60,18843.05
2022.04.27 23:06:01,BUY,FAIL,4240.01,4240,20.00,799.80,-6.60,19636.25
2022.04.28 13:49:38,SELL,SUCCESS,4179.99,4260,20.00,396.20,0.00,19636.25
2022.04.28 13:49:38,SELL,SUCCESS,4179.99,4240,20.00,797.80,0.00,19636.25
2022.04.28 13:49:38,SELL,FAIL,4179.99,4220,20.00,399.80,0.00,20036.05
2022.04.28 18:08:37,BUY,SUCCESS,4260.01,4200,20.00,397.00,0.00,20036.05
2022.04.28 18:08:37,BUY,SUCCESS,4260.01,4220,20.00,795.80,0.00,20036.05
2022.04.28 18:08:37,BUY,SUCCESS,4260.01,4240,20.00,1200.00,0.00,20036.05
2022.04.28 18:08:37,BUY,SUCCESS,4260.01,4260,20.00,1597.00,0.00,20036.05
2022.04.28 18:08:37,BUY,FAIL,4260.01,4280,20.00,1199.80,0.00,21235.85
2022.04.28 22:51:04,SELL,SUCCESS,4199.99,4300,21.00,400.60,0.00,21235.85
2022.04.28 22:51:04,SELL,FAIL,4199.99,4280,21.00,-0.20,0.00,21235.65
2022.04.28 23:30:26,BUY,FAIL,4300.01,4260,21.00,-400.20,-6.60,20828.85
2022.04.29 01:00:00,SELL,FAIL,4259.99,4280,21.00,-420.21,0.00,20408.64
2022.04.29 09:05:28,BUY,FAIL,4280.01,4260,21.00,-420.21,0.00,19988.43
2022.04.29 12:15:46,SELL,SUCCESS,4259.99,4280,21.00,418.32,0.00,19988.43
2022.04.29 12:15:46,SELL,FAIL,4259.99,4260,21.00,-0.21,0.00,19988.22
2022.04.29 16:35:14,BUY,FAIL,4280.01,4240,21.00,-420.21,0.00,19568.01
2022.04.29 16:44:27,SELL,FAIL,4239.99,4260,21.00,-420.21,0.00,19147.80
2022.04.29 16:56:22,BUY,FAIL,4260.01,4240,21.00,-420.21,0.00,18727.59
2022.04.29 17:17:37,SELL,SUCCESS,4239.99,4260,21.00,417.69,0.00,18727.59
2022.04.29 17:17:37,SELL,SUCCESS,4239.99,4240,21.00,837.06,0.00,18727.59
2022.04.29 17:17:37,SELL,SUCCESS,4239.99,4220,21.00,1257.69,0.00,18727.59
2022.04.29 17:17:37,SELL,SUCCESS,4239.99,4200,21.00,1675.59,0.00,18727.59
2022.04.29 17:17:37,SELL,SUCCESS,4239.99,4180,21.00,2100.00,0.00,18727.59
2022.04.29 17:17:37,SELL,FAIL,4239.99,4160,21.00,1679.79,-19.53,20387.85
2022.05.02 10:05:32,BUY,FAIL,4260.01,4140,21.00,-420.21,0.00,19967.64
2022.05.02 10:58:27,SELL,SUCCESS,4139.99,4160,21.00,416.64,0.00,19967.64
2022.05.02 10:58:27,SELL,FAIL,4139.99,4140,21.00,-0.21,0.00,19967.43
2022.05.02 16:30:38,BUY,FAIL,4160.01,4120,21.00,-420.21,0.00,19547.22
2022.05.02 16:35:22,SELL,FAIL,4119.99,4140,21.00,-420.21,0.00,19127.01
2022.05.02 16:43:38,BUY,FAIL,4140.01,4120,21.00,-420.21,0.00,18706.80
2022.05.02 16:50:39,SELL,FAIL,4119.99,4140,21.00,-420.21,0.00,18286.59
2022.05.02 16:57:18,BUY,FAIL,4140.01,4120,21.00,-420.21,0.00,17866.38
2022.05.02 17:06:39,SELL,FAIL,4119.99,4140,21.00,-420.21,0.00,17446.17
2022.05.02 17:24:26,BUY,SUCCESS,4140.01,4120,21.00,417.69,0.00,17446.17
2022.05.02 17:24:26,BUY,FAIL,4140.01,4140,21.00,-0.21,0.00,17445.96
2022.05.02 17:57:00,SELL,SUCCESS,4119.99,4160,21.00,421.89,0.00,17445.96
2022.05.02 17:57:00,SELL,SUCCESS,4119.99,4140,21.00,838.95,0.00,17445.96
2022.05.02 17:57:00,SELL,SUCCESS,4119.99,4120,21.00,1259.58,0.00,17445.96
2022.05.02 17:57:00,SELL,FAIL,4119.99,4100,21.00,839.79,0.00,18285.75
2022.05.02 22:09:37,BUY,SUCCESS,4160.01,4080,21.00,419.58,0.00,18285.75
2022.05.02 22:09:37,BUY,SUCCESS,4160.01,4100,21.00,840.63,0.00,18285.75
2022.05.02 22:09:37,BUY,SUCCESS,4160.01,4120,21.00,1256.64,0.00,18285.75
2022.05.02 22:09:37,BUY,SUCCESS,4160.01,4140,21.00,1684.41,-6.93,18285.75
2022.05.02 22:09:37,BUY,FAIL,4160.01,4160,21.00,1259.79,-6.93,19538.61
2022.05.03 09:56:40,SELL,SUCCESS,4079.99,4180,21.00,417.69,0.00,19538.61
2022.05.03 09:56:40,SELL,FAIL,4079.99,4160,21.00,-0.21,0.00,19538.40
2022.05.03 15:34:01,BUY,SUCCESS,4180.01,4140,21.00,416.43,0.00,19538.40
2022.05.03 15:34:01,BUY,SUCCESS,4180.01,4160,21.00,838.95,0.00,19538.40
2022.05.03 15:34:01,BUY,FAIL,4180.01,4180,21.00,419.79,0.00,19958.19
2022.05.03 19:07:00,SELL,SUCCESS,4139.99,4200,21.00,421.26,0.00,19958.19
2022.05.03 19:07:00,SELL,FAIL,4139.99,4180,21.00,-0.21,0.00,19957.98
2022.05.03 21:52:29,BUY,FAIL,4200.01,4160,21.00,-420.21,0.00,19537.77
2022.05.03 22:44:14,SELL,FAIL,4159.99,4180,21.00,-420.21,0.00,19117.56
2022.05.03 22:53:38,BUY,FAIL,4180.01,4160,21.00,-420.21,-6.93,18690.42
2022.05.04 17:15:00,SELL,FAIL,4159.99,4180,21.00,-420.21,0.00,18270.21
2022.05.04 19:23:04,BUY,SUCCESS,4180.01,4160,21.00,415.80,0.00,18270.21
2022.05.04 19:23:04,BUY,FAIL,4180.01,4180,21.00,-0.21,0.00,18270.00
2022.05.04 21:07:27,SELL,FAIL,4159.99,4200,21.00,-420.21,0.00,17849.79
2022.05.04 21:27:37,BUY,FAIL,4200.01,4180,21.00,-420.21,0.00,17429.58
2022.05.04 21:30:38,SELL,SUCCESS,4179.99,4200,21.00,417.27,0.00,17429.58
2022.05.04 21:30:38,SELL,FAIL,4179.99,4180,21.00,-0.21,0.00,17429.37
2022.05.04 21:36:29,BUY,SUCCESS,4200.01,4160,21.00,426.72,0.00,17429.37
2022.05.04 21:36:29,BUY,SUCCESS,4200.01,4180,21.00,840.00,0.00,17429.37
2022.05.04 21:36:29,BUY,SUCCESS,4200.01,4200,21.00,1261.89,0.00,17429.37
2022.05.04 21:36:29,BUY,SUCCESS,4200.01,4220,21.00,1677.69,0.00,17429.37
2022.05.04 21:36:29,BUY,SUCCESS,4200.01,4240,21.00,2098.32,0.00,17429.37
2022.05.04 21:36:29,BUY,SUCCESS,4200.01,4260,21.00,2516.01,0.00,17429.37
2022.05.04 21:36:29,BUY,FAIL,4200.01,4280,21.00,2099.79,-6.93,19522.23
2022.05.05 10:16:25,SELL,SUCCESS,4159.99,4300,21.00,416.01,0.00,19522.23
2022.05.05 10:16:25,SELL,SUCCESS,4159.99,4280,21.00,839.37,0.00,19522.23
2022.05.05 10:16:25,SELL,SUCCESS,4159.99,4260,21.00,1255.59,0.00,19522.23
2022.05.05 10:16:25,SELL,SUCCESS,4159.99,4240,21.00,1684.20,0.00,19522.23
2022.05.05 10:16:25,SELL,SUCCESS,4159.99,4220,21.00,2100.63,0.00,19522.23
2022.05.05 10:16:25,SELL,SUCCESS,4159.99,4200,21.00,2517.69,0.00,19522.23
2022.05.05 10:16:25,SELL,SUCCESS,4159.99,4180,21.00,2936.01,0.00,19522.23
2022.05.05 10:16:25,SELL,FAIL,4159.99,4160,21.00,2519.79,0.00,22042.02
2022.05.05 19:28:13,BUY,FAIL,4300.01,4140,22.00,-420.21,0.00,21621.81
2022.05.05 19:36:27,SELL,FAIL,4139.99,4160,22.00,-420.21,0.00,21201.60
2022.05.05 20:00:28,BUY,FAIL,4160.01,4140,22.00,-440.22,0.00,20761.38
2022.05.05 20:56:00,SELL,FAIL,4139.99,4160,22.00,-440.22,0.00,20321.16
2022.05.05 21:19:43,BUY,FAIL,4160.01,4140,22.00,-440.22,0.00,19880.94
2022.05.05 21:24:29,SELL,SUCCESS,4139.99,4160,22.00,435.82,0.00,19880.94
2022.05.05 21:24:29,SELL,FAIL,4139.99,4140,22.00,-0.22,0.00,19880.72
2022.05.05 22:50:42,BUY,SUCCESS,4160.01,4120,22.00,437.58,0.00,19880.72
2022.05.05 22:50:42,BUY,FAIL,4160.01,4140,22.00,-0.22,-7.26,19873.24
2022.05.06 03:13:40,SELL,SUCCESS,4119.99,4160,22.00,439.56,0.00,19873.24
2022.05.06 03:13:40,SELL,FAIL,4119.99,4140,22.00,-0.22,0.00,19873.02
2022.05.06 11:07:29,BUY,FAIL,4160.01,4120,22.00,-440.22,0.00,19432.80
2022.05.06 14:30:37,SELL,FAIL,4119.99,4140,22.00,-440.22,0.00,18992.58
2022.05.06 15:30:03,BUY,FAIL,4140.01,4120,22.00,-440.22,0.00,18552.36
2022.05.06 15:59:27,SELL,SUCCESS,4119.99,4140,22.00,442.64,0.00,18552.36
2022.05.06 15:59:27,SELL,SUCCESS,4119.99,4120,22.00,876.26,0.00,18552.36
2022.05.06 15:59:27,SELL,FAIL,4119.99,4100,22.00,439.78,0.00,18992.14
2022.05.06 17:17:04,BUY,SUCCESS,4140.01,4080,22.00,440.44,0.00,18992.14
2022.05.06 17:17:04,BUY,FAIL,4140.01,4100,22.00,-0.22,0.00,18991.92
2022.05.06 17:34:37,SELL,FAIL,4079.99,4120,22.00,-440.22,0.00,18551.70
2022.05.06 17:46:18,BUY,SUCCESS,4120.01,4100,22.00,435.38,0.00,18551.70
2022.05.06 17:46:18,BUY,FAIL,4120.01,4120,22.00,-0.22,0.00,18551.48
2022.05.06 18:37:38,SELL,FAIL,4099.99,4140,22.00,-440.22,0.00,18111.26
2022.05.06 19:07:27,BUY,FAIL,4140.01,4120,22.00,-440.22,0.00,17671.04
2022.05.06 19:11:27,SELL,FAIL,4119.99,4140,22.00,-440.22,0.00,17230.82
2022.05.06 19:53:38,BUY,FAIL,4140.01,4120,22.00,-440.22,0.00,16790.60
2022.05.06 20:20:13,SELL,SUCCESS,4119.99,4140,22.00,435.38,0.00,16790.60
2022.05.06 20:20:13,SELL,FAIL,4119.99,4120,22.00,-0.22,0.00,16790.38
2022.05.06 22:38:05,BUY,FAIL,4140.01,4100,22.00,-440.22,-21.78,16328.38
2022.05.09 01:08:00,SELL,SUCCESS,4099.99,4120,22.00,437.58,0.00,16328.38
2022.05.09 01:08:00,SELL,SUCCESS,4099.99,4100,22.00,876.70,0.00,16328.38
2022.05.09 01:08:00,SELL,SUCCESS,4099.99,4080,22.00,1315.60,0.00,16328.38
2022.05.09 01:08:00,SELL,FAIL,4099.99,4060,22.00,879.78,0.00,17208.16
2022.05.09 15:05:38,BUY,FAIL,4120.01,4040,22.00,-440.22,0.00,16767.94
2022.05.09 17:09:45,SELL,SUCCESS,4039.99,4060,22.00,435.38,0.00,16767.94
2022.05.09 17:09:45,SELL,FAIL,4039.99,4040,22.00,-0.22,0.00,16767.72
2022.05.09 19:07:46,BUY,FAIL,4060.01,4020,22.00,-440.22,0.00,16327.50
2022.05.09 19:51:26,SELL,SUCCESS,4019.99,4040,22.00,437.80,0.00,16327.50
2022.05.09 19:51:26,SELL,SUCCESS,4019.99,4020,22.00,875.82,0.00,16327.50
2022.05.09 19:51:26,SELL,FAIL,4019.99,4000,22.00,439.78,0.00,16767.28
2022.05.09 23:01:03,BUY,FAIL,4040.01,3980,22.00,-440.22,-7.26,16319.80
2022.05.10 03:15:16,SELL,FAIL,3979.99,4000,22.00,-440.22,0.00,15879.58
2022.05.10 04:57:16,BUY,SUCCESS,4000.01,3980,22.00,435.60,0.00,15879.58
2022.05.10 04:57:16,BUY,SUCCESS,4000.01,4000,22.00,881.98,0.00,15879.58
2022.05.10 04:57:16,BUY,SUCCESS,4000.01,4020,22.00,1317.58,0.00,15879.58
2022.05.10 04:57:16,BUY,FAIL,4000.01,4040,22.00,879.78,0.00,16759.36
2022.05.10 16:45:14,SELL,SUCCESS,3979.99,4060,22.00,438.46,0.00,16759.36
2022.05.10 16:45:14,SELL,SUCCESS,3979.99,4040,22.00,881.54,0.00,16759.36
2022.05.10 16:45:14,SELL,SUCCESS,3979.99,4020,22.00,1318.90,0.00,16759.36
2022.05.10 16:45:14,SELL,SUCCESS,3979.99,4000,22.00,1756.26,0.00,16759.36
2022.05.10 16:45:14,SELL,FAIL,3979.99,3980,22.00,1319.78,0.00,18079.14
2022.05.10 19:46:04,BUY,SUCCESS,4060.01,3960,22.00,437.58,0.00,18079.14
2022.05.10 19:46:04,BUY,SUCCESS,4060.01,3980,22.00,877.58,0.00,18079.14
2022.05.10 19:46:04,BUY,SUCCESS,4060.01,4000,22.00,1317.58,0.00,18079.14
2022.05.10 19:46:04,BUY,FAIL,4060.01,4020,22.00,879.78,0.00,18958.92
2022.05.10 21:16:36,SELL,SUCCESS,3959.99,4040,22.00,435.82,0.00,18958.92
2022.05.10 21:16:36,SELL,FAIL,3959.99,4020,22.00,-0.22,-6.82,18951.88
2022.05.11 09:19:30,BUY,SUCCESS,4040.01,4000,22.00,435.38,0.00,18951.88
2022.05.11 09:19:30,BUY,FAIL,4040.01,4020,22.00,-0.22,0.00,18951.66
2022.05.11 15:30:13,SELL,SUCCESS,3999.99,4040,22.00,444.62,0.00,18951.66
2022.05.11 15:30:13,SELL,SUCCESS,3999.99,4020,22.00,878.68,0.00,18951.66
2022.05.11 15:30:13,SELL,SUCCESS,3999.99,4000,22.00,1319.56,0.00,18951.66
2022.05.11 15:30:13,SELL,FAIL,3999.99,3980,22.00,879.78,0.00,19831.44
2022.05.11 16:17:36,BUY,SUCCESS,4040.01,3960,22.00,441.32,0.00,19831.44
2022.05.11 16:17:36,BUY,FAIL,4040.01,3980,22.00,-0.22,0.00,19831.22
2022.05.11 16:34:37,SELL,FAIL,3959.99,4000,22.00,-440.22,0.00,19391.00
2022.05.11 16:42:02,BUY,SUCCESS,4000.01,3980,22.00,436.48,0.00,19391.00
2022.05.11 16:42:02,BUY,SUCCESS,4000.01,4000,22.00,877.58,0.00,19391.00
2022.05.11 16:42:02,BUY,FAIL,4000.01,4020,22.00,439.78,0.00,19830.78
2022.05.11 16:56:36,SELL,FAIL,3979.99,4040,22.00,-440.22,0.00,19390.56
2022.05.11 17:22:35,BUY,FAIL,4040.01,4020,22.00,-440.22,0.00,18950.34
2022.05.11 17:52:28,SELL,FAIL,4019.99,4040,22.00,-440.22,0.00,18510.12
2022.05.11 18:37:26,BUY,FAIL,4040.01,4020,22.00,-440.22,0.00,18069.90
2022.05.11 18:56:17,SELL,SUCCESS,4019.99,4040,22.00,443.30,0.00,18069.90
2022.05.11 18:56:17,SELL,SUCCESS,4019.99,4020,22.00,876.48,0.00,18069.90
2022.05.11 18:56:17,SELL,SUCCESS,4019.99,4000,22.00,1317.58,0.00,18069.90
2022.05.11 18:56:17,SELL,FAIL,4019.99,3980,22.00,879.78,0.00,18949.68
2022.05.11 21:25:27,BUY,FAIL,4040.01,3960,22.00,-440.22,0.00,18509.46
2022.05.11 22:00:29,SELL,SUCCESS,3959.99,3980,22.00,438.02,0.00,18509.46
2022.05.11 22:00:29,SELL,SUCCESS,3959.99,3960,22.00,876.70,-6.82,18509.46
2022.05.11 22:00:29,SELL,SUCCESS,3959.99,3940,22.00,1321.98,-6.82,18509.46
2022.05.11 22:00:29,SELL,FAIL,3959.99,3920,22.00,879.78,-6.82,19382.42
2022.05.12 14:15:39,BUY,FAIL,3980.01,3900,22.00,-440.22,0.00,18942.20
2022.05.12 14:49:39,SELL,SUCCESS,3899.99,3920,22.00,436.48,0.00,18942.20
2022.05.12 14:49:39,SELL,FAIL,3899.99,3900,22.00,-0.22,0.00,18941.98
2022.05.12 16:43:39,BUY,SUCCESS,3920.01,3880,22.00,442.64,0.00,18941.98
2022.05.12 16:43:39,BUY,SUCCESS,3920.01,3900,22.00,877.36,0.00,18941.98
2022.05.12 16:43:39,BUY,FAIL,3920.01,3920,22.00,439.78,0.00,19381.76
2022.05.12 17:31:28,SELL,FAIL,3879.99,3940,22.00,-440.22,0.00,18941.54
2022.05.12 17:52:05,BUY,SUCCESS,3940.01,3920,22.00,438.68,0.00,18941.54
2022.05.12 17:52:05,BUY,FAIL,3940.01,3940,22.00,-0.22,0.00,18941.32
2022.05.12 18:21:28,SELL,SUCCESS,3919.99,3960,22.00,436.92,0.00,18941.32
2022.05.12 18:21:28,SELL,SUCCESS,3919.99,3940,22.00,876.92,0.00,18941.32
2022.05.12 18:21:28,SELL,FAIL,3919.99,3920,22.00,439.78,0.00,19381.10
2022.05.12 19:31:37,BUY,FAIL,3960.01,3900,22.00,-440.22,0.00,18940.88
2022.05.12 20:05:37,SELL,SUCCESS,3899.99,3920,22.00,435.82,0.00,18940.88
2022.05.12 20:05:37,SELL,SUCCESS,3899.99,3900,22.00,876.48,0.00,18940.88
2022.05.12 20:05:37,SELL,FAIL,3899.99,3880,22.00,439.78,0.00,19380.66
2022.05.12 22:18:19,BUY,SUCCESS,3920.01,3860,22.00,436.70,0.00,19380.66
2022.05.12 22:18:19,BUY,SUCCESS,3920.01,3880,22.00,875.82,0.00,19380.66
2022.05.12 22:18:19,BUY,SUCCESS,3920.01,3900,22.00,1315.38,-7.26,19380.66
2022.05.12 22:18:19,BUY,SUCCESS,3920.01,3920,22.00,1756.04,-7.26,19380.66
2022.05.12 22:18:19,BUY,SUCCESS,3920.01,3940,22.00,2195.60,-7.26,19380.66
2022.05.12 22:18:19,BUY,SUCCESS,3920.01,3960,22.00,2641.98,-7.26,19380.66
2022.05.12 22:18:19,BUY,SUCCESS,3920.01,3980,22.00,3075.38,-7.26,19380.66
2022.05.12 22:18:19,BUY,FAIL,3920.01,4000,22.00,2639.78,-7.26,22013.18
2022.05.13 20:56:38,SELL,SUCCESS,3859.99,4020,22.00,436.70,0.00,22013.18
2022.05.13 20:56:38,SELL,FAIL,3859.99,4000,22.00,-0.22,0.00,22012.96
2022.05.13 21:31:34,BUY,SUCCESS,4020.01,3980,22.00,435.38,0.00,22012.96
2022.05.13 21:31:34,BUY,SUCCESS,4020.01,4000,22.00,876.70,-21.78,22012.96
2022.05.13 21:31:34,BUY,FAIL,4020.01,4020,22.00,439.78,-21.78,22430.96
2022.05.16 04:38:30,SELL,SUCCESS,3979.99,4040,22.00,436.70,0.00,22430.96
2022.05.16 04:38:30,SELL,FAIL,3979.99,4020,22.00,-0.22,0.00,22430.74
2022.05.16 15:23:05,BUY,FAIL,4040.01,4000,22.00,-440.22,0.00,21990.52
2022.05.16 16:36:37,SELL,FAIL,3999.99,4020,22.00,-440.22,0.00,21550.30
2022.05.16 17:22:39,BUY,FAIL,4020.01,4000,22.00,-440.22,0.00,21110.08
2022.05.16 17:47:05,SELL,FAIL,3999.99,4020,22.00,-440.22,0.00,20669.86
2022.05.16 18:52:30,BUY,SUCCESS,4020.01,4000,22.00,437.58,0.00,20669.86
2022.05.16 18:52:30,BUY,FAIL,4020.01,4020,22.00,-0.22,0.00,20669.64
2022.05.16 22:17:26,SELL,FAIL,3999.99,4040,22.00,-440.22,-6.82,20222.60
2022.05.17 10:38:47,BUY,SUCCESS,4040.01,4020,22.00,436.04,0.00,20222.60
2022.05.17 10:38:47,BUY,SUCCESS,4040.01,4040,22.00,878.90,0.00,20222.60
2022.05.17 10:38:47,BUY,FAIL,4040.01,4060,22.00,439.78,0.00,20662.38
2022.05.17 15:31:46,SELL,SUCCESS,4019.99,4080,22.00,435.82,0.00,20662.38
2022.05.17 15:31:46,SELL,FAIL,4019.99,4060,22.00,-0.22,0.00,20662.16
2022.05.17 18:29:28,BUY,SUCCESS,4080.01,4040,22.00,442.42,0.00,20662.16
2022.05.17 18:29:28,BUY,FAIL,4080.01,4060,22.00,-0.22,0.00,20661.94
2022.05.17 21:13:30,SELL,FAIL,4039.99,4080,22.00,-440.22,0.00,20221.72
2022.05.17 21:48:37,BUY,FAIL,4080.01,4060,22.00,-440.22,-7.26,19774.24
2022.05.18 14:08:38,SELL,SUCCESS,4059.99,4080,22.00,435.60,0.00,19774.24
2022.05.18 14:08:38,SELL,SUCCESS,4059.99,4060,22.00,877.58,0.00,19774.24
2022.05.18 14:08:38,SELL,SUCCESS,4059.99,4040,22.00,1315.60,0.00,19774.24
2022.05.18 14:08:38,SELL,SUCCESS,4059.99,4020,22.00,1760.22,0.00,19774.24
2022.05.18 14:08:38,SELL,SUCCESS,4059.99,4000,22.00,2199.56,0.00,19774.24
2022.05.18 14:08:38,SELL,SUCCESS,4059.99,3980,22.00,2637.58,0.00,19774.24
2022.05.18 14:08:38,SELL,SUCCESS,4059.99,3960,22.00,3082.42,0.00,19774.24
2022.05.18 14:08:38,SELL,SUCCESS,4059.99,3940,22.00,3521.98,-6.82,19774.24
2022.05.18 14:08:38,SELL,FAIL,4059.99,3920,22.00,3079.78,-6.82,22847.20
2022.05.19 05:45:16,BUY,FAIL,4080.01,3900,22.00,-440.22,0.00,22406.98
2022.05.19 10:23:36,SELL,SUCCESS,3899.99,3920,22.00,435.60,0.00,22406.98
2022.05.19 10:23:36,SELL,SUCCESS,3899.99,3900,22.00,878.24,0.00,22406.98
2022.05.19 10:23:36,SELL,FAIL,3899.99,3880,22.00,439.78,0.00,22846.76
2022.05.19 13:46:45,BUY,SUCCESS,3920.01,3860,22.00,439.34,0.00,22846.76
2022.05.19 13:46:45,BUY,FAIL,3920.01,3880,22.00,-0.22,0.00,22846.54
2022.05.19 15:27:15,SELL,FAIL,3859.99,3900,22.00,-440.22,0.00,22406.32
2022.05.19 16:31:26,BUY,SUCCESS,3900.01,3880,22.00,439.78,0.00,22406.32
2022.05.19 16:31:26,BUY,FAIL,3900.01,3900,22.00,-0.22,0.00,22406.10
2022.05.19 16:43:29,SELL,SUCCESS,3879.99,3920,22.00,436.48,0.00,22406.10
2022.05.19 16:43:29,SELL,FAIL,3879.99,3900,22.00,-0.22,0.00,22405.88
2022.05.19 16:57:02,BUY,SUCCESS,3920.01,3880,22.00,441.76,0.00,22405.88
2022.05.19 16:57:02,BUY,FAIL,3920.01,3900,22.00,-0.22,0.00,22405.66
2022.05.19 17:27:27,SELL,FAIL,3879.99,3920,22.00,-440.22,0.00,21965.44
2022.05.19 18:36:40,BUY,FAIL,3920.01,3900,22.00,-440.22,0.00,21525.22
2022.05.19 19:41:26,SELL,FAIL,3899.99,3920,22.00,-440.22,0.00,21085.00
2022.05.19 20:56:19,BUY,SUCCESS,3920.01,3900,22.00,436.04,0.00,21085.00
2022.05.19 20:56:19,BUY,FAIL,3920.01,3920,22.00,-0.22,0.00,21084.78
2022.05.19 22:18:30,SELL,SUCCESS,3899.99,3940,22.00,437.80,0.00,21084.78
2022.05.19 22:18:30,SELL,FAIL,3899.99,3920,22.00,-0.22,-6.82,21077.74
2022.05.20 03:16:42,BUY,SUCCESS,3940.01,3900,22.00,436.04,0.00,21077.74
2022.05.20 03:16:42,BUY,FAIL,3940.01,3920,22.00,-0.22,0.00,21077.52
2022.05.20 17:07:28,SELL,SUCCESS,3899.99,3940,22.00,442.42,0.00,21077.52
2022.05.20 17:07:28,SELL,SUCCESS,3899.99,3920,22.00,875.38,0.00,21077.52
2022.05.20 17:07:28,SELL,SUCCESS,3899.99,3900,22.00,1315.38,0.00,21077.52
2022.05.20 17:07:28,SELL,SUCCESS,3899.99,3880,22.00,1756.92,0.00,21077.52
2022.05.20 17:07:28,SELL,SUCCESS,3899.99,3860,22.00,2195.82,0.00,21077.52
2022.05.20 17:07:28,SELL,FAIL,3899.99,3840,22.00,1759.78,0.00,22837.30
2022.05.20 20:46:32,BUY,FAIL,3940.01,3820,22.00,-440.22,0.00,22397.08
2022.05.20 21:32:47,SELL,FAIL,3819.99,3840,22.00,-440.22,0.00,21956.86
2022.05.20 21:50:47,BUY,SUCCESS,3840.01,3820,22.00,437.14,0.00,21956.86
2022.05.20 21:50:47,BUY,SUCCESS,3840.01,3840,22.00,878.02,0.00,21956.86
2022.05.20 21:50:47,BUY,SUCCESS,3840.01,3860,22.00,1319.78,0.00,21956.86
2022.05.20 21:50:47,BUY,SUCCESS,3840.01,3880,22.00,1758.02,-21.78,21956.86
2022.05.20 21:50:47,BUY,SUCCESS,3840.01,3900,22.00,2197.58,-21.78,21956.86
2022.05.20 21:50:47,BUY,FAIL,3840.01,3920,22.00,1759.78,-21.78,23694.86
2022.05.23 11:19:40,SELL,FAIL,3819.99,3940,23.00,-440.22,0.00,23254.64
2022.05.23 13:48:18,BUY,FAIL,3940.01,3920,23.00,-440.22,0.00,22814.42
2022.05.23 16:39:01,SELL,FAIL,3919.99,3940,23.00,-460.23,0.00,22354.19
2022.05.23 16:47:03,BUY,FAIL,3940.01,3920,23.00,-460.23,0.00,21893.96
2022.05.23 17:00:37,SELL,FAIL,3919.99,3940,23.00,-460.23,0.00,21433.73
2022.05.23 17:29:29,BUY,SUCCESS,3940.01,3920,23.00,457.93,0.00,21433.73
2022.05.23 17:29:29,BUY,SUCCESS,3940.01,3940,23.00,916.55,0.00,21433.73
2022.05.23 17:29:29,BUY,FAIL,3940.01,3960,23.00,459.77,0.00,21893.50
2022.05.23 19:52:37,SELL,FAIL,3919.99,3980,23.00,-460.23,0.00,21433.27
2022.05.23 21:44:33,BUY,FAIL,3980.01,3960,23.00,-460.23,0.00,20973.04
2022.05.23 22:44:04,SELL,FAIL,3959.99,3980,23.00,-460.23,0.00,20512.81
2022.05.23 23:07:30,BUY,FAIL,3980.01,3960,23.00,-460.23,-7.59,20044.99
2022.05.24 01:00:00,SELL,SUCCESS,3959.99,3980,23.00,456.09,0.00,20044.99
2022.05.24 01:00:00,SELL,SUCCESS,3959.99,3960,23.00,918.39,0.00,20044.99
2022.05.24 01:00:00,SELL,FAIL,3959.99,3940,23.00,459.77,0.00,20504.76
2022.05.24 14:09:28,BUY,FAIL,3980.01,3920,23.00,-460.23,0.00,20044.53
2022.05.24 16:38:38,SELL,SUCCESS,3919.99,3940,23.00,457.70,0.00,20044.53
2022.05.24 16:38:38,SELL,SUCCESS,3919.99,3920,23.00,915.17,0.00,20044.53
2022.05.24 16:38:38,SELL,FAIL,3919.99,3900,23.00,459.77,0.00,20504.30
2022.05.24 18:45:24,BUY,SUCCESS,3940.01,3880,23.00,455.63,0.00,20504.30
2022.05.24 18:45:24,BUY,FAIL,3940.01,3900,23.00,-0.23,0.00,20504.07
2022.05.24 19:36:37,SELL,FAIL,3879.99,3920,23.00,-460.23,0.00,20043.84
2022.05.24 20:41:02,BUY,SUCCESS,3920.01,3900,23.00,460.69,0.00,20043.84
2022.05.24 20:41:02,BUY,SUCCESS,3920.01,3920,23.00,917.47,-7.59,20043.84
2022.05.24 20:41:02,BUY,FAIL,3920.01,3940,23.00,459.77,-7.59,20496.02
2022.05.25 11:09:18,SELL,SUCCESS,3899.99,3960,23.00,462.07,0.00,20496.02
2022.05.25 11:09:18,SELL,FAIL,3899.99,3940,23.00,-0.23,0.00,20495.79
2022.05.25 16:33:35,BUY,SUCCESS,3960.01,3920,23.00,456.55,0.00,20495.79
2022.05.25 16:33:35,BUY,FAIL,3960.01,3940,23.00,-0.23,0.00,20495.56
2022.05.25 19:26:29,SELL,FAIL,3919.99,3960,23.00,-460.23,0.00,20035.33
2022.05.25 21:00:30,BUY,FAIL,3960.01,3940,23.00,-460.23,0.00,19575.10
2022.05.25 21:06:47,SELL,FAIL,3939.99,3960,23.00,-460.23,0.00,19114.87
2022.05.25 21:16:17,BUY,SUCCESS,3960.01,3940,23.00,456.78,0.00,19114.87
2022.05.25 21:16:17,BUY,FAIL,3960.01,3960,23.00,-0.23,0.00,19114.64
2022.05.25 23:25:37,SELL,FAIL,3939.99,3980,23.00,-460.23,-7.13,18647.28
2022.05.26 02:18:40,BUY,SUCCESS,3980.01,3960,23.00,458.16,0.00,18647.28
2022.05.26 02:18:40,BUY,SUCCESS,3980.01,3980,23.00,922.07,0.00,18647.28
2022.05.26 02:18:40,BUY,SUCCESS,3980.01,4000,23.00,1376.32,0.00,18647.28
2022.05.26 02:18:40,BUY,SUCCESS,3980.01,4020,23.00,1838.62,0.00,18647.28
